unique_id,text,mapping_label,votes,council_label,unanimous,agree_with_mapping
CC653,"But their importance has grown far beyond machine translation : for instance , transferring annotations between languages ( Yarowsky and Ngai 2001 ; Hwa et al. 2005 ; Ganchev , Gillenwater , and Taskar 2009 ) ; discovery of paraphrases ( Bannard and Callison-Burch 2005 ) ; and joint unsupervised POS and parser induction across languages ( [CITED_AUTHOR] ) .",Contextualize,"['Contextualize', 'Use', 'Contextualize']",Contextualize,False,True
CC211,"Others provide automatic mappings of natural language instructions to executable actions , such as interpreting navigation directions ( Chen and Mooney , 2011 ) or robot commands ( Tellex et al. , 2011 ; [CITED_AUTHOR] ) .",Contextualize,"['Contextualize', 'Contextualize', 'Contextualize']",Contextualize,True,True
CC694,A more detailed discussion of the various available Arabic tag sets can be found in [CITED_AUTHOR] .,Contextualize,"['Contextualize', 'Contextualize', 'Contextualize']",Contextualize,True,True
CC414,"√¢¬Ä¬¢ Learnability ( Zernik and Dyer 1987 ) √¢¬Ä¬¢ Text generation ( Hovy 1988 ; Milosavljevic , Tulloch , and Dale 1996 ) √¢¬Ä¬¢ Speech generation ( [CITED_AUTHOR] ) √¢¬Ä¬¢ Localization ( Sch √Ç¬® aler 1996 )",Contextualize,"['Contextualize', 'Contextualize', 'Contextualize']",Contextualize,True,True
CC1594,"The need for information systems to support physicians at the point of care has been well studied ( Covell et al. , 1985 ; Gorman et al. , 1994 ; [CITED_AUTHOR] ) .",Contextualize,"['Contextualize', 'Contextualize', 'Contextualize']",Contextualize,True,True
CCT127,"[CITED_AUTHOR] use mutual information to identify collocations , a method they claim is reasonably effective for words with a frequency of not less than five .",Contextualize,"['Use', 'Contextualize', 'Use']",Use,False,False
CC1326,"From an IR view , a lot of specialized research has already been carried out for medical applications , with emphasis on the lexico-semantic aspects of dederivation and decomposition ( Pacak et al. , 1980 ; Norton and Pacak , 1983 ; Wolff , 1984 ; [CITED_AUTHOR] ; Dujols et al. , 1991 ; Baud et al. , 1998 ) .",Contextualize,"['Contextualize', 'Contextualize', 'Contextualize']",Contextualize,True,True
CC722,The acquisition of dialogue as implemented in VNLCE is reminiscent of the program synthesis methodology developed by [CITED_AUTHOR] where program flowcharts were constructed from traces of their behaviors .,Contextualize,"['Contextualize', 'Contextualize', 'Contextualize']",Contextualize,True,True
CC148,"(b). The nonlinearly separable classification problem transformed from (a) via tuning as ranking ([CITED_AUTHOR], 2011).",Contextualize,"['Modify', 'Use', 'Contextualize']",Modify,False,False
CC182,[CITED_AUTHOR]a ) show how a BoVW model may be easily combined with a distributional vector space model of language using only vector concatenation .,Contextualize,"['Modify', 'Justify Design Choice', 'Use']",Modify,False,False
CC967,Previous work in sentence planning in the natural language generation ( NLG ) community uses hand-written rules to approximate the distribution of linguistic phenomena in a corpus ( see ( [CITED_AUTHOR] ) for a recent example with further references ) .,Contextualize,"['Contextualize', 'Contextualize', 'Contextualize']",Contextualize,True,True
CCT252,"Others have applied the NLP technologies of near-duplicate detection and topic-based text categorization to politically oriented text ( [CITED_AUTHOR] ; Purpura and Hillard , 2006 ) .",Contextualize,"['Contextualize', 'Contextualize', 'Contextualize']",Contextualize,True,True
CCT130,"For example , [CITED_AUTHOR] proves that Chinese numerals such as wu zhao zhao zhao zhao zhao wu zhao zhao zhao zhao wu zhao zhao zhao wu zhao zhao wu zhao , for the number 5000000000000000005000000000000005000000000005000000005000 , are not context-free , which implies that Chinese is not a context-free language and thus might parse in exponential worst-case time .",Contextualize,"['Highlight Limitation', 'Use', 'Justify Design Choice']",Highlight Limitation,False,False
CC881,"Representative systems are described in Boisen et al. ( 1989 ) , De Mattia and Giachin ( 1989 ) , Niedermair ( 1989 ) , Niemann ( 1990 ) , and [CITED_AUTHOR] .",Contextualize,"['Contextualize', 'Contextualize', 'Contextualize']",Contextualize,True,True
CC960,"Since we are not generating from the model , this does not introduce difficulties ( [CITED_AUTHOR] ) .",Contextualize,"['Highlight Limitation', 'Justify Design Choice', 'Justify Design Choice']",Justify Design Choice,False,False
CC815,The reader may consult recent papers on this subject ( e.g. Moens and Steedman 1987 ; [CITED_AUTHOR] ) to see what a formal interpretation of events in time might look like .,Contextualize,"['Contextualize', 'Contextualize', 'Contextualize']",Contextualize,True,True
CC1534,[CITED_AUTHOR] built a corpus by iteratively searching Google for a small set of seed terms .,Contextualize,"['Contextualize', 'Contextualize', 'Contextualize']",Contextualize,True,True
CC1449,"ASARES has been previously applied to the acquisition of word pairs sharing semantic relations defined in the Generative Lexicon framework ( Pustejovsky , 1995 ) and called qualia relations ( [CITED_AUTHOR] ) .",Contextualize,"['Contextualize', 'Contextualize', 'Contextualize']",Contextualize,True,True
CC477,"Aside from the extraction of theory-neutral subcategorization lexicons , there has also been work in the automatic construction of lexical resources which comply with the principles of particular linguistic theories such as LTAG , CCG , and HPSG ( Chen and Vijay-Shanker 2000 ; [CITED_AUTHOR] ; Hockenmaier , Bierner , and Baldridge 2004 ; Nakanishi , Miyao , and Tsujii 2004 ) .",Contextualize,"['Contextualize', 'Contextualize', 'Contextualize']",Contextualize,True,True
CC1448,"Indeed , such rich semantic links can be used to extend indices or reformulate queries ( similar to the work by [CITED_AUTHOR] with WoRDNET relations ) .",Contextualize,"['Use', 'Use', 'Use']",Use,True,False
CC892,"12 In order to focus on the computational aspects of the covariation approach , in this paper we will not go into a discussion of the full lexical rule specification language introduced in [CITED_AUTHOR] .",Contextualize,"['Justify Design Choice', 'Contextualize', 'Justify Design Choice']",Justify Design Choice,False,False
CC447,"In modern syntactic theories ( e.g. , lexical-functional grammar [ LFG ] [ Kaplan and Bresnan 1982 ; Bresnan 2001 ; Dalrymple 2001 ] , head-driven phrase structure grammar [ HPSG ] [ Pollard and Sag 1994 ] , tree-adjoining grammar [ TAG ] [ [CITED_AUTHOR] ] , and combinatory categorial grammar [ CCG ] [ Ades and Steedman 1982 ] ) , the lexicon is the central repository for much morphological , syntactic , and semantic information .",Contextualize,"['Contextualize', 'Contextualize', 'Contextualize']",Contextualize,True,True
CC145,"( Och , 2003 ; Moore and Quirk , 2008 ; [CITED_AUTHOR] ; Galley and Quirk , 2011 ) employed an evaluation metric as a loss function and directly optimized it .",Contextualize,"['Contextualize', 'Use', 'Use']",Use,False,False
CC118,[CITED_AUTHOR] presented a perceptron-based algorithm for learning the phrase-translation parameters in a statistical machine translation system .,Contextualize,"['Contextualize', 'Contextualize', 'Contextualize']",Contextualize,True,True
CC292,` See ( [CITED_AUTHOR] ) for a discussion of the appropriateness of TIG for HPSG and a comparison with other feature logic approaches designed for HPSG .,Contextualize,"['Evaluate Against', 'Contextualize', 'Evaluate Against']",Evaluate Against,False,False
CC116,"In most cases , the accuracy of parsers degrades when run on out-of-domain data ( Gildea , 2001 ; [CITED_AUTHOR] ; Blitzer et al. , 2006 ; Petrov et al. , 2010 ) .",Contextualize,"['Contextualize', 'Contextualize', 'Highlight Limitation']",Contextualize,False,True
CC940,"Most coreference resolution work simply mentions it in passing as a module in the pipelined system ( [CITED_AUTHOR] ; Durrett and Klein , 2013 ; Lee et al. , 2011 ; Bj √Ç¬® orkelund and Kuhn , 2014 ) .",Contextualize,"['Signal Gap', 'Contextualize', 'Highlight Limitation']",Signal Gap,False,False
CC1561,"Henceforth the collaborative traits of blogs and wikis ( [CITED_AUTHOR] ) emphasize annotation , comment , and strong editing .",Contextualize,"['Contextualize', 'Contextualize', 'Use']",Contextualize,False,True
CC119,A recent study by [CITED_AUTHOR] also investigates the task of training parsers to improve MT reordering .,Contextualize,"['Contextualize', 'Contextualize', 'Contextualize']",Contextualize,True,True
CC334,"Other milestones of recent research include the deployment of probabilistic and machine learning techniques ( Aone and Bennett 1995 ; [CITED_AUTHOR] ; Ge , Hale , and Charniak 1998 ; Cardie and Wagstaff 1999 ; the continuing interest in centering , used either in original or in revised form ( Abracos and Lopes 1994 ; Strube and Hahn 1996 ; Hahn and Strube 1997 ; Tetreault 1999 ) ; and proposals related to the evaluation methodology in anaphora resolution ( Mitkov 1998a , 2001b ) .",Contextualize,"['Contextualize', 'Contextualize', 'Contextualize']",Contextualize,True,True
CC968,"The SPR uses rules automatically learned from training data , using techniques similar to ( [CITED_AUTHOR] ; Freund et al. , 1998 ) .",Contextualize,"['Use', 'Contextualize', 'Use']",Use,False,False
CC1104,"Over the last decade there has been a lot of interest in developing tutorial dialogue systems that understand student explanations ( Jordan et al. , 2006 ; Graesser et al. , 1999 ; Aleven et al. , 2001 ; Buckley and Wolska , 2007 ; Nielsen et al. , 2008 ; VanLehn et al. , 2007 ) , because high percentages of selfexplanation and student contentful talk are known to be correlated with better learning in humanhuman tutoring ( Chi et al. , 1994 ; Litman et al. , 2009 ; Purandare and Litman , 2008 ; [CITED_AUTHOR] ) .",Contextualize,"['Contextualize', 'Contextualize', 'Contextualize']",Contextualize,True,True
CC1584,"Such a component would serve as the first stage of a clinical question answering system ( [CITED_AUTHOR] ) or summarization system ( McKeown et al. , 2003 ) .",Contextualize,"['Contextualize', 'Use', 'Use']",Use,False,False
CC895,"Not having to represent the frame explicitly not only enables the linguist to express only the relevant things , but also allows a more compact representation of lexical rules where explicit framing would require the rules to be split up ( [CITED_AUTHOR] ) .",Contextualize,"['Justify Design Choice', 'Justify Design Choice', 'Justify Design Choice']",Justify Design Choice,True,False
CC797,"The relation between discourse and prosodic phrasing has been examined in some detail by [CITED_AUTHOR] , who argues that each noun phrase in an utterance constitutes a separate prosodic phrase unless it is destressed because of reference to previous discourse .",Contextualize,"['Contextualize', 'Contextualize', 'Contextualize']",Contextualize,True,True
CC1291,"FBLTAG ( Vijay-Shanker , 1987 ; [CITED_AUTHOR] ) is an extension of the LTAG formalism .",Contextualize,"['Contextualize', 'Contextualize', 'Contextualize']",Contextualize,True,True
CC1245,"Other studies on the value of disambiguation for cross-lingual IR include Hiemstra and de Jong , 1999 ; [CITED_AUTHOR] .",Contextualize,"['Contextualize', 'Contextualize', 'Contextualize']",Contextualize,True,True
CCT227,"Politically-oriented text Sentiment analysis has specifically been proposed as a key enabling technology in eRulemaking , allowing the automatic analysis of the opinions that people submit ( Shulman et al. , 2005 ; Cardie et al. , 2006 ; [CITED_AUTHOR] ) .",Contextualize,"['Contextualize', 'Use', 'Use']",Use,False,False
CC1197,[CITED_AUTHOR] adopted a Bayesian method to infer an STSG by exploring the space of alignments based on parse trees .,Contextualize,"['Contextualize', 'Contextualize', 'Use']",Contextualize,False,True
CC217,"The language grounding problem has received significant attention in recent years , owed in part to the wide availability of data sets ( e.g. Flickr , Von Ahn ( 2006 ) ) , computing power , improved computer vision models ( [CITED_AUTHOR] ; Lowe , 2004 ; Farhadi et al. , 2009 ; Parikh and Grauman , 2011 ) and neurological evidence of ties between the language , perceptual and motor systems in the brain ( Pulverm √Ç¬® uller et al. , 2005 ; Tettamanti et al. , 2005 ; Aziz-Zadeh et al. , 2006 ) .",Contextualize,"['Contextualize', 'Contextualize', 'Contextualize']",Contextualize,True,True
CC1500,"The latter question is tackled by applicationspecific evaluation , where a measure is tested within the framework of a certain application , e.g. word sense disambiguation ( [CITED_AUTHOR] ) or malapropism detection ( Budanitsky and Hirst , 2006 ) . Lebart and Rajman (2000) argue for application-specific evaluation of similarity measures, because measures are always used for some task.",Contextualize,"['Justify Design Choice', 'Use', 'Justify Design Choice']",Justify Design Choice,False,False
CC362,"In the disambiguation of capitalized words , the most widespread method is POS tagging , which achieves about a 3 % error rate on the Brown corpus and a 5 % error rate on the WSJ corpus , as reported in [CITED_AUTHOR] .",Contextualize,"['Contextualize', 'Use', 'Contextualize']",Contextualize,False,True
CC1138,"Second , in line with the findings of ( [CITED_AUTHOR] ) , the results obtained over the MT-derived corpus are equal to those we achieve over the original RTE3 dataset ( i.e. 63.50 % ) .",Contextualize,"['Evaluate Against', 'Contextualize', 'Use']",Evaluate Against,False,False
CC816,"According to [CITED_AUTHOR] , paragraphs are made up of segments , which in turn are made up of sentences or clauses , which in turn are made up of phrases .",Contextualize,"['Contextualize', 'Contextualize', 'Contextualize']",Contextualize,True,True
CC841,"`` Coherence , '' as outlined above , can be understood as a declarative ( or static ) version of marker passing ( Hirst 1987 ; [CITED_AUTHOR] ) , with one difference : the activation spreads to theories that share a predicate , not through the IS-A hierarchy , and is limited to elementary facts about predicates appearing in the text .",Contextualize,"['Modify', 'Use', 'Justify Design Choice']",Modify,False,False
CC592,"We posit that this would not have a significant effect on the results , in particular for MML-based classification techniques , such as Decision Graphs ( [CITED_AUTHOR] ) .",Contextualize,"['Justify Design Choice', 'Contextualize', 'Justify Design Choice']",Justify Design Choice,False,False
CC197,"Another line of research approaches grounded language knowledge by augmenting distributional approaches of word meaning with perceptual information ( Andrews et al. , 2009 ; Steyvers , 2010 ; Feng and Lapata , 2010b ; Bruni et al. , 2011 ; [CITED_AUTHOR] ; Johns and Jones , 2012 ; Bruni et al. , 2012a ; Bruni et al. , 2012b ; Silberer et al. , 2013 ) .",Contextualize,"['Contextualize', 'Contextualize', 'Contextualize']",Contextualize,True,True
CC698,"As for work on Arabic ( MSA ) , results have been reported on the PATB ( Kulick , Gabbard , and Marcus 2006 ; [CITED_AUTHOR] ; Green and Manning 2010 ) , the Prague Dependency Treebank ( PADT ) ( Buchholz and Marsi 2006 ; Nivre 2008 ) and the CATiB ( Habash and Roth 2009 ) .",Contextualize,"['Contextualize', 'Contextualize', 'Contextualize']",Contextualize,True,True
CC1264,"Rather than producing a complete analysis of sentences , the alternative is to perform only partial analysis of the syntactic structures in a text ( Harris , 1957 ; [CITED_AUTHOR] ; Greffenstette , 1993 ) .",Contextualize,"['Contextualize', 'Use', 'Highlight Limitation']",Contextualize,False,True
CCT112,"â¢ cross-language information retrieval ( e.g. , McCarley 1999 ) , â¢ multilingual document filtering ( e.g. , Oard 1997 ) , â¢ computer-assisted language learning ( e.g. , [CITED_AUTHOR] ) , â¢ certain machine-assisted translation tools ( e.g. , Macklovitch 1994 ; Melamed 1996a ) , â¢ concordancing for bilingual lexicography ( e.g. , Catizone , Russell , and Warwick 1989 ; Gale and Church 1991 ) ,",Contextualize,"['Contextualize', 'Use', 'Contextualize']",Contextualize,False,True
CC992,"In a similar vain to Skut and Brants ( 1998 ) and [CITED_AUTHOR] , the method extends an existing flat shallow-parsing method to handle composite structures .",Contextualize,"['Modify', 'Contextualize', 'Justify Design Choice']",Modify,False,False
CC1644,"Our work is more similar to NLG work that concentrates on structural constraints such as generative poetry ( Greene et al. , 2010 ) ( Colton et al. , 2012 ) ( Jiang and Zhou , 2008 ) or song lyrics ( Wu et al. , 2013 ) ( Ramakrishnan [CITED_AUTHOR] ) , where specified meter or rhyme schemes are enforced .",Contextualize,"['Contextualize', 'Contextualize', 'Contextualize']",Contextualize,True,True
CC1108,"Over the last decade there has been a lot of interest in developing tutorial dialogue systems that understand student explanations ( Jordan et al. , 2006 ; [CITED_AUTHOR] ; Aleven et al. , 2001 ; Buckley and Wolska , 2007 ; Nielsen et al. , 2008 ; VanLehn et al. , 2007 ) , because high percentages of selfexplanation and student contentful talk are known to be correlated with better learning in humanhuman tutoring ( Chi et al. , 1994 ; Litman et al. , 2009 ; Purandare and Litman , 2008 ; Steinhauser et al. , 2007 ) .",Contextualize,"['Contextualize', 'Contextualize', 'Contextualize']",Contextualize,True,True
CC1049,"While these approaches have been reasonably successful ( see [CITED_AUTHOR] ) , Kehler et al. ( 2004 ) speculate that deeper linguistic knowledge needs to be made available to resolvers in order to reach the next level of performance .",Contextualize,"['Highlight Limitation', 'Use', 'Signal Gap']",Highlight Limitation,False,False
CC1096,"Over the last decade there has been a lot of interest in developing tutorial dialogue systems that understand student explanations ( Jordan et al. , 2006 ; Graesser et al. , 1999 ; Aleven et al. , 2001 ; Buckley and Wolska , 2007 ; Nielsen et al. , 2008 ; VanLehn et al. , 2007 ) , because high percentages of selfexplanation and student contentful talk are known to be correlated with better learning in humanhuman tutoring ( Chi et al. , 1994 ; Litman et al. , 2009 ; [CITED_AUTHOR] ; Steinhauser et al. , 2007 ) .",Contextualize,"['Contextualize', 'Contextualize', 'Contextualize']",Contextualize,True,True
CC212,"The language grounding problem has received significant attention in recent years , owed in part to the wide availability of data sets ( e.g. Flickr , Von Ahn ( 2006 ) ) , computing power , improved computer vision models ( Oliva and Torralba , 2001 ; Lowe , 2004 ; Farhadi et al. , 2009 ; Parikh and Grauman , 2011 ) and neurological evidence of ties between the language , perceptual and motor systems in the brain ( Pulverm √Ç¬® uller et al. , 2005 ; Tettamanti et al. , 2005 ; [CITED_AUTHOR] ) .",Contextualize,"['Contextualize', 'Contextualize', 'Contextualize']",Contextualize,True,True
CC718,Another dialogue acquisition system has been developed by [CITED_AUTHOR] .,Contextualize,"['Contextualize', 'Contextualize', 'Contextualize']",Contextualize,True,True
CC632,[CITED_AUTHOR] compared two retrieval approaches ( TF.IDF and query expansion ) and two predictive approaches ( statistical translation and latent variable models ) .,Contextualize,"['Contextualize', 'Contextualize', 'Contextualize']",Contextualize,True,True
CC1383,"Recent work ( [CITED_AUTHOR] ; Curran and Moens , 2002 ) has suggested that some tasks will benefit from using significantly more data .",Contextualize,"['Contextualize', 'Contextualize', 'Use']",Contextualize,False,True
CC852,"We have shown elsewhere ( Jensen and Binot 1988 ; [CITED_AUTHOR]a , 1987b ) that natural language programs , such as on-line grammars and dictionaries , can be used as referential levels for commonsense reasoning -- for example , to disambiguate PP attachment .",Contextualize,"['Contextualize', 'Justify Design Choice', 'Use']",Contextualize,False,True
CC996,"One approach to partial parsing was presented by [CITED_AUTHOR] , who extended a shallow-parsing technique to partial parsing .",Contextualize,"['Contextualize', 'Contextualize', 'Use']",Contextualize,False,True
CC868,The first version ( TIMIT ) was developed for the 450 phonetically rich sentences of the TIMIT database ( [CITED_AUTHOR] ) .,Contextualize,"['Contextualize', 'Contextualize', 'Contextualize']",Contextualize,True,True
CC595,"This method follows a traditional Information Retrieval paradigm ( [CITED_AUTHOR] ) , where a query is represented by the content terms it contains , and the system retrieves from the corpus a set of documents that best match this query .",Contextualize,"['Contextualize', 'Contextualize', 'Contextualize']",Contextualize,True,True
CC906,"A logic that provides the formal architecture required by Pollard and Sag ( 1994 ) was defined by [CITED_AUTHOR] , 1994 ) .",Contextualize,"['Use', 'Justify Design Choice', 'Use']",Use,False,False
CC1522,"Prototypes of Internet search engines for linguists , corpus linguists and lexicographers have been proposed : WebCorp ( Kehoe and Renouf , 2002 ) , KWiCFinder ( Fletcher , 2004a ) and the Linguist 's Search Engine ( Kilgarriff , 2003 ; [CITED_AUTHOR] ) .",Contextualize,"['Contextualize', 'Contextualize', 'Contextualize']",Contextualize,True,True
CC1266,"First , it has been noted that in many natural language applications it is sufficient to use shallow parsing information ; information such as noun phrases ( NPs ) and other syntactic sequences have been found useful in many large-scale language processing applications including information extraction and text summarization ( Grishman , 1995 ; [CITED_AUTHOR] ) .",Contextualize,"['Use', 'Contextualize', 'Use']",Use,False,False
CC687,"As for work on Arabic ( MSA ) , results have been reported on the PATB ( Kulick , Gabbard , and Marcus 2006 ; Diab 2007 ; Green and Manning 2010 ) , the Prague Dependency Treebank ( PADT ) ( [CITED_AUTHOR] ; Nivre 2008 ) and the CATiB ( Habash and Roth 2009 ) .",Contextualize,"['Contextualize', 'Contextualize', 'Contextualize']",Contextualize,True,True
CC450,"[CITED_AUTHOR] , by comparison , employ 163 distinct predefined frames .",Contextualize,"['Evaluate Against', 'Contextualize', 'Contextualize']",Contextualize,False,True
CC1587,"The ability to explicitly identify these sections in unstructured text could play an important role in applications such as document summarization ( [CITED_AUTHOR] ) , information retrieval ( Tbahriti et al. , 2005 ) , information extraction ( Mizuta et al. , 2005 ) , and question answering .",Contextualize,"['Contextualize', 'Contextualize', 'Use']",Contextualize,False,True
CCT244,"Recently , several alternative , often quite sophisticated approaches to collective classification have been proposed ( Neville and Jensen , 2000 ; Lafferty et al. , 2001 ; Getoor et al. , 2002 ; [CITED_AUTHOR] ; Taskar et al. , 2003 ; Taskar et al. , 2004 ; McCallum and Wellner , 2004 ) .",Contextualize,"['Contextualize', 'Contextualize', 'Contextualize']",Contextualize,True,True
CC753,"Two exceptions to this generalisation are the Linguistic String Project ( [CITED_AUTHOR] ) and the IBM CRITIQUE ( formerly EPISTLE ) Project ( Heidorn et al. , 1982 ; Byrd , 1983 ) ; the former employs a dictionary of approximately 10,000 words , most of which are specialist medical terms , the latter has well over 100,000 entries , gathered from machine readable sources .",Contextualize,"['Highlight Limitation', 'Contextualize', 'Contextualize']",Contextualize,False,True
CC1116,"All current approaches to monolingual TE , either syntactically oriented ( Rus et al. , 2005 ) , or applying logical inference ( Tatu and [CITED_AUTHOR] ) , or adopting transformation-based techniques ( Kouleykov and Magnini , 2005 ; Bar-Haim et al. , 2008 ) , incorporate different types of lexical knowledge to support textual inference .",Contextualize,"['Contextualize', 'Contextualize', 'Contextualize']",Contextualize,True,True
CC384,[CITED_AUTHOR] recently described a hybrid method for finding abbreviations and their definitions .,Contextualize,"['Contextualize', 'Contextualize', 'Contextualize']",Contextualize,True,True
CC428,"Some examples include text categorization ( Lewis and Catlett 1994 ) , base noun phrase chunking ( Ngai and Yarowsky 2000 ) , part-of-speech tagging ( Engelson Dagan 1996 ) , spelling confusion set disambiguation ( [CITED_AUTHOR] ) , and word sense disambiguation ( Fujii et al. 1998 ) .",Contextualize,"['Contextualize', 'Contextualize', 'Contextualize']",Contextualize,True,True
CC253,"But while Bod 's estimator obtains state-of-the-art results on the WSJ , comparable to [CITED_AUTHOR] and Collins ( 2000 ) , Bonnema et al. 's estimator performs worse and is comparable to Collins ( 1996 ) .",Contextualize,"['Evaluate Against', 'Contextualize', 'Evaluate Against']",Evaluate Against,False,False
CC734,"The current system learns finite state flowcharts whereas typical learning systems usually acquire coefficient values as in [CITED_AUTHOR] , assertional statements as in Michalski ( 1980 ) , or semantic nets as in Winston ( 1975 ) .",Contextualize,"['Contextualize', 'Contextualize', 'Contextualize']",Contextualize,True,True
CC1354,"Much of theoretical linguistics can be formulated in a very natural manner as stating correspondences ( translations ) between layers of representation structures ( [CITED_AUTHOR] ) , such as the relation between syntax and semantic .",Contextualize,"['Contextualize', 'Contextualize', 'Contextualize']",Contextualize,True,True
CC355,"Thus , the second class of SBD systems employs machine learning techniques such as decision tree classifiers ( Riley 1989 ) , neural networks ( [CITED_AUTHOR] ) , and maximum-entropy modeling ( Reynar and Ratnaparkhi 1997 ) .",Contextualize,"['Contextualize', 'Contextualize', 'Contextualize']",Contextualize,True,True
CC441,"Some well-known approaches include rule-based models ( Brill and Resnik 1994 ) , backed-off models ( Collins and Brooks 1995 ) , and a maximumentropy model ( [CITED_AUTHOR] ) .",Contextualize,"['Contextualize', 'Contextualize', 'Contextualize']",Contextualize,True,True
CC1224,"There have been several efforts aimed at developing a domain-independent method for generating responses from a frame representation of user requests ( [CITED_AUTHOR] ; Chu-Carroll , 1999 ) .",Contextualize,"['Contextualize', 'Contextualize', 'Contextualize']",Contextualize,True,True
CC1191,"[CITED_AUTHOR] , 2009 , 2010 ) utilized Bayesian methods to learn synchronous context free grammars ( SCFG ) from a parallel corpus .",Contextualize,"['Contextualize', 'Contextualize', 'Use']",Contextualize,False,True
CC612,A common way to combine different models consists of selecting the model that is most confident regarding its decision ( [CITED_AUTHOR] ) .,Contextualize,"['Contextualize', 'Contextualize', 'Contextualize']",Contextualize,True,True
CCT70,"As already mentioned in the literature , see for example ( [CITED_AUTHOR] ) , knowledge about implicit predicates could be potentially useful for a variety of NLP tasks such as language generation , information extraction , question answering or machine translation .",Contextualize,"['Contextualize', 'Contextualize', 'Use']",Contextualize,False,True
CCT132,Discriminant analysis has been employed by researchers in automatic text genre detection ( [CITED_AUTHOR]b ; Karlgren and Cutting 1994 ) since it offers a simple and robust solution despite the fact that it presupposes normal distributions of the discriminating variables .,Contextualize,"['Justify Design Choice', 'Contextualize', 'Justify Design Choice']",Justify Design Choice,False,False
CC416,"That is, where [CITED_AUTHOR] substitutes variables for various words in his templates, we replace certain lexical items with their marker tag.",Contextualize,"['Modify', 'Contextualize', 'Modify']",Modify,False,False
CC1324,"There has been some controversy , at least for simple stemmers ( Lovins , 1968 ; [CITED_AUTHOR] ) , about the effectiveness of morphological analysis for document retrieval ( Harman , 1991 ; Krovetz , 1993 ; Hull , 1996 ) .",Contextualize,"['Contextualize', 'Contextualize', 'Signal Gap']",Contextualize,False,True
CC367,"A variety of such lists for many languages are already available ( e.g. , [CITED_AUTHOR] ) .",Contextualize,"['Contextualize', 'Contextualize', 'Contextualize']",Contextualize,True,True
CC1484,"words and their surrounding context), words or concepts ( [CITED_AUTHOR] ). 2 Linguistic distance between words is inverse to their semantic similarity or relatedness.",Contextualize,"['Contextualize', 'Contextualize', 'Use']",Contextualize,False,True
CC862,"To a first approximation, a CURRENT-FOCUS reaches only nodes that are c-commanded ( [CITED_AUTHOR] ) by its generator.",Contextualize,"['Use', 'Contextualize', 'Use']",Use,False,False
CC87,"With respect to the focus on function words , our reordering model is closely related to the UALIGN system ( [CITED_AUTHOR] ) .",Contextualize,"['Contextualize', 'Contextualize', 'Use']",Contextualize,False,True
CC585,"Problems such as these have motivated research on more abstract , dependencybased parser evaluation ( e.g. , Lin 1995 ; Carroll , Briscoe , and Sanfilippo 1998 ; Carroll et al. 2002 ; Clark and Hockenmaier 2002 ; King et al. 2003 ; Preiss 2003 ; [CITED_AUTHOR] ; Miyao and Tsujii 2004 ) .",Contextualize,"['Contextualize', 'Contextualize', 'Justify Design Choice']",Contextualize,False,True
CC46,[CITED_AUTHOR] has made some preliminary attempt on the idea of hierarchical semantic role labeling.,Contextualize,"['Signal Gap', 'Contextualize', 'Signal Gap']",Signal Gap,False,False
CC164,"More recently , Silberer et al. ( 2013 ) show that visual attribute classifiers , which have been immensely successful in object recognition ( [CITED_AUTHOR] ) , act as excellent substitutes for feature",Contextualize,"['Use', 'Use', 'Use']",Use,True,False
CC286,Typed feature grammars can be used as the basis for implementations of Head-driven Phrase Structure Grammar ( [CITED_AUTHOR] ) .,Contextualize,"['Use', 'Use', 'Use']",Use,True,False
CC1532,"The use of the web as a corpus for teaching and research on language has been proposed a number of times ( Kilgarriff , 2001 ; Robb , 2003 ; [CITED_AUTHOR] ; Fletcher , 2001 , 2004b ) and received a special issue of the journal Computational Linguistics ( Kilgarriff and Grefenstette , 2003 ) .",Contextualize,"['Contextualize', 'Contextualize', 'Contextualize']",Contextualize,True,True
CC1412,"For english , there is for instance the 15 year old HewlettPackard test suite , a simple text file listing test sentences and grouping them according to linguistics phenomena ( Flickinger et al. , 1987 ) ; and more recently , the much more sophisticated TSNLP ( Test Suite for Natural Language Processing ) which includes some 9500 test items for English , French and German , each of them being annotated with syntactic and application related information ( [CITED_AUTHOR] ) .",Contextualize,"['Contextualize', 'Contextualize', 'Contextualize']",Contextualize,True,True
CC1351,"For example , such schema can serve as a mean to represent translation examples , or find structural correspondences for the purpose of transfer grammar learning ( Menezes & Richardson , 2001 ) , ( Aramaki et al. , 2001 ) , ( Watanabe et al. , 2000 ) , ( Meyers et al. , 2000 ) , ( Matsumoto et al. , 1993 ) , ( kaji et al. , 1992 ) , and example-base machine translation EBMT3 ( [CITED_AUTHOR] ) , ( Sato , 1991 ) , ( Richardson et al. , 2001 ) , ( Al-Adhaileh & Tang , 1999 ) .",Contextualize,"['Use', 'Contextualize', 'Use']",Use,False,False
CC1614,"In other methods , lexical resources are specifically tailored to meet the requirements of the domain ( [CITED_AUTHOR] ) or the system ( Gomez , 1998 ) .",Contextualize,"['Contextualize', 'Contextualize', 'Contextualize']",Contextualize,True,True
CC1171,"It is analogous to the step in other translation model induction algorithms that sets all probabilities below a certain threshold to negligible values ( Brown et al. , 1990 ; [CITED_AUTHOR] ; Chen , 1996 ) .",Contextualize,"['Contextualize', 'Contextualize', 'Contextualize']",Contextualize,True,True
CC38,"Previous work on Chinese SRL mainly focused on how to transplant the machine learning methods which has been successful with English , such as [CITED_AUTHOR] , Xue and Palmer ( 2005 ) and Xue ( 2008 ) .",Contextualize,"['Contextualize', 'Contextualize', 'Contextualize']",Contextualize,True,True
CC61,"Nevertheless , the full document text is present in most systems , sometimes as the only feature ( Sugiyama and Okumura , 2007 ) and sometimes in combination with others see for instance ( [CITED_AUTHOR] ; Popescu and Magnini , 2007 ) - .",Contextualize,"['Contextualize', 'Use', 'Contextualize']",Contextualize,False,True
CC1073,Several authors in communication studies have pointed out that head movements are relevant to feedback phenomena ( see [CITED_AUTHOR] for an overview ) .,Contextualize,"['Contextualize', 'Contextualize', 'Contextualize']",Contextualize,True,True
CC888,"/b4home.html 1 This is, for example, the case for all proposals working with verbal lexical entries that raise the arguments of a verbal complement (Hinrichs and Nakazawa 1989) that also use lexical rules such as the Complement Extraction Lexical Rule (Pollard and Sag 1994) or the Complement Extraction Lexical Rule ( [CITED_AUTHOR] ) to operate on those raised elements.",Contextualize,"['Contextualize', 'Contextualize', 'Use']",Contextualize,False,True
CC1401,"Similarly , ( [CITED_AUTHOR] ) and ( Shinyanma et al. , 2002 ) learn sentence level paraphrase templates from a corpus of news articles stemming from different news source .",Contextualize,"['Contextualize', 'Contextualize', 'Contextualize']",Contextualize,True,True
CC146,"( Och , 2003 ; [CITED_AUTHOR] ; Zhao and Chen , 2009 ; Galley and Quirk , 2011 ) employed an evaluation metric as a loss function and directly optimized it .",Contextualize,"['Contextualize', 'Justify Design Choice', 'Evaluate Against']",Contextualize,False,True
CC341,"Much of the earlier work in anaphora resolution heavily exploited domain and linguistic knowledge ( Sidner 1979 ; Carter 1987 ; Rich and LuperFoy 1988 ; [CITED_AUTHOR] ) , which was difficult both to represent and to process , and which required considerable human input .",Contextualize,"['Highlight Limitation', 'Contextualize', 'Contextualize']",Contextualize,False,True
CC684,"Most available Arabic NLP tools and resources model morphology using form- based (ÔøΩsurfaceÔøΩ) inflectional features, and do not mark rationality; this includes the Penn Arabic Treebank (PATB) (Maamouri et al. 2004), the Buckwalter morphological analyzer (Buckwalter 2004), and tools using them such as the Morphological Analysis and Disambiguation for Arabic (MADA) toolkit ( [CITED_AUTHOR] ; Habash, Rambow, and Roth 2012).",Contextualize,"['Highlight Limitation', 'Contextualize', 'Highlight Limitation']",Highlight Limitation,False,False
CC1379,Software engineering research on Generative Programming ( [CITED_AUTHOR] ) attempts to solve these problems by focusing on the development of configurable elementary components and knowledge to combine these components into complete systems .,Contextualize,"['Contextualize', 'Contextualize', 'Contextualize']",Contextualize,True,True
CC1520,"In corpus linguistics building such megacorpora is beyond the scope of individual researchers , and they are not easily accessible ( Kennedy , 1998 : 56 ) unless the web is used as a corpus ( [CITED_AUTHOR] ) .",Contextualize,"['Highlight Limitation', 'Contextualize', 'Justify Design Choice']",Highlight Limitation,False,False
CC168,"Some approaches apply semantic parsing , where words and sentences are mapped to logical structure meaning ( [CITED_AUTHOR] ) .",Contextualize,"['Contextualize', 'Contextualize', 'Contextualize']",Contextualize,True,True
CC1161,"Over the past decade , researchers at IBM have developed a series of increasingly sophisticated statistical models for machine translation ( Brown et al. , 1988 ; [CITED_AUTHOR] ; Brown et al. , 1993a ) .",Contextualize,"['Contextualize', 'Contextualize', 'Contextualize']",Contextualize,True,True
CC458,"According to [CITED_AUTHOR] , LFG assumes the following universally available inventory of grammatical functions : SUBJ ( ect ) , OBJ ( ect ) , OBJe , COMP , XCOMP , OBL ( ique ) e , ADJ ( unct ) , XADJ .",Contextualize,"['Contextualize', 'Contextualize', 'Contextualize']",Contextualize,True,True
CC630,"In Section 5 , we discuss the difficulties associated with such user studies , and describe a human-based evaluation we conducted for a small subset of the responses generated by our system ( [CITED_AUTHOR]b ) .",Contextualize,"['Highlight Limitation', 'Use', 'Justify Design Choice']",Highlight Limitation,False,False
CCT204,"Liu et al. ( 2005 ) , [CITED_AUTHOR] , Murphy ( 2001 ) , Murphy and Vogel ( 2007 ) and Topkara et al. ( 2006a ) all belong to the syntactic transformation category .",Contextualize,"['Contextualize', 'Contextualize', 'Contextualize']",Contextualize,True,True
CC248,"But while Bod 's estimator obtains state-of-the-art results on the WSJ , comparable to Charniak ( 2000 ) and [CITED_AUTHOR] , Bonnema et al. 's estimator performs worse and is comparable to Collins ( 1996 ) .",Contextualize,"['Evaluate Against', 'Contextualize', 'Evaluate Against']",Evaluate Against,False,False
CC540,"Some recent GRE algorithms have done away with the separation between content determination and linguistic realization , interleaving the two processes instead ( [CITED_AUTHOR] ; Krahmer and Theune 2002 ) .",Contextualize,"['Contextualize', 'Contextualize', 'Contextualize']",Contextualize,True,True
CC988,"It is not aimed at handling dependencies , which require heavy use of lexical information ( [CITED_AUTHOR] , for PP attachment ) .",Contextualize,"['Highlight Limitation', 'Use', 'Highlight Limitation']",Highlight Limitation,False,False
CC1618,He was a grammarian who analysed Sanskrit ( [CITED_AUTHOR] ) .,Contextualize,"['Contextualize', 'Contextualize', 'Contextualize']",Contextualize,True,True
CC631,It is therefore no surprise that early attempts at response automation were knowledge-driven ( Barr and Tessler 1995 ; [CITED_AUTHOR] ; Delic and Lahaix 1998 ) .,Contextualize,"['Contextualize', 'Contextualize', 'Contextualize']",Contextualize,True,True
CC1491,"dictionary-based ( Lesk , 1986 ) , ontology-based ( Wu and Palmer , 1994 ; Leacock and Chodorow , 1998 ) , information-based ( Resnik , 1995 ; Jiang and Conrath , 1997 ) or distributional ( [CITED_AUTHOR] ) .",Contextualize,"['Contextualize', 'Contextualize', 'Contextualize']",Contextualize,True,True
CC771,"In addition to headwords , dictionary search through the pronunciation field is available ; Carter ( 1987 ) has merged information from the pronunciation and hyphenation fields , creating an enhanced phonological representation which allows access to entries by broad phonetic class and syllable structure ( [CITED_AUTHOR] ) .",Contextualize,"['Modify', 'Contextualize', 'Use']",Modify,False,False
CC776,"As [CITED_AUTHOR] points out , given that no situations were envisaged where the information from the tape would be altered once installed in secondary storage, this simple and conventional access strategy is perfectly adequate.",Contextualize,"['Justify Design Choice', 'Justify Design Choice', 'Justify Design Choice']",Justify Design Choice,True,False
CC1426,"( [CITED_AUTHOR] ) has found strong correlations between DF , IG and the X2 statistic for a term .",Contextualize,"['Contextualize', 'Contextualize', 'Use']",Contextualize,False,True
CC293,"This contrasts with one of the traditional approaches ( e.g. , [CITED_AUTHOR] ; Watanabe 1995 ) to posing the translation problem , i.e. , the approach in which translation problems are seen in terms of bridging the gap between the most natural monolingual representations underlying the sentences of each language .",Contextualize,"['Contextualize', 'Contextualize', 'Evaluate Against']",Contextualize,False,True
CCT19,"CornmandTalk ( [CITED_AUTHOR] ) , Circuit Fix-It Shop ( Smith , 1997 ) and TRAINS-96 ( Traum and Allen , 1994 ; Traum and Andersen , 1999 ) are spoken language systems but they interface to simulation or help facilities rather than semi-autonomous agents .",Contextualize,"['Signal Gap', 'Contextualize', 'Contextualize']",Contextualize,False,True
CC1019,"For example , in ordinary HMM training , xi = E * and represents a completely hidden state sequence ( cfXXX [CITED_AUTHOR] , who allows any regular set ) , while yi is a single string representing a completely observed emission sequence .11",Contextualize,"['Contextualize', 'Contextualize', 'Contextualize']",Contextualize,True,True
CC312,"A nonprobabilistic approach for DA labeling proposed by Samuel , Carberry , and Vijay-Shanker ( 1998 ) is transformation-based learning ( [CITED_AUTHOR] ) .",Contextualize,"['Contextualize', 'Contextualize', 'Contextualize']",Contextualize,True,True
CC975,The ICA system ( [CITED_AUTHOR] ) aims to reduce the training time by introducing independence assumptions on the training samples that dramatically reduce the training time with the possible downside of sacrificing performance .,Contextualize,"['Highlight Limitation', 'Contextualize', 'Highlight Limitation']",Highlight Limitation,False,False
CC520,Common sense ( as well as the Gricean maxims ; [CITED_AUTHOR] ) suggests that vague descriptions are preferred by speakers over quantitative ones whenever the additional information provided by a quantitative description is irrelevant to the purpose of the communication .,Contextualize,"['Use', 'Use', 'Justify Design Choice']",Use,False,False
CC1121,"They proved to be useful in a number of NLP applications such as natural language generation ( Iordanskaja et al. , 1991 ) , multidocument summarization ( [CITED_AUTHOR] ) , automatic evaluation of MT ( Denkowski and Lavie , 2010 ) , and TE ( Dinu and Wang , 2009 ) .",Contextualize,"['Use', 'Use', 'Use']",Use,True,False
CC158,"Although evaluated on different data sets , this result is consistent with results from previous work ( Gatt and Belz , 2008 ; [CITED_AUTHOR] ) .",Contextualize,"['Evaluate Against', 'Contextualize', 'Evaluate Against']",Evaluate Against,False,False
CC498,"[CITED_AUTHOR] , for example , discussed the transcripts of a dialogue between people who assemble a piece of garden furniture ( originally recorded by Candy Sidner ) .",Contextualize,"['Contextualize', 'Contextualize', 'Contextualize']",Contextualize,True,True
CC1283,"Thus , over the past few years , along with advances in the use of learning and statistical methods for acquisition of full parsers ( Collins , 1997 ; Charniak , 1997a ; Charniak , 1997b ; [CITED_AUTHOR] ) , significant progress has been made on the use of statistical learning methods to recognize shallow parsing patterns syntactic phrases or words that participate in a syntactic relationship ( Church , 1988 ; Ramshaw and Marcus , 1995 ; Argamon et al. , 1998 ; Cardie and Pierce , 1998 ; Munoz et al. , 1999 ; Punyakanok and Roth , 2001 ; Buchholz et al. , 1999 ; Tjong Kim Sang and Buchholz , 2000 ) .",Contextualize,"['Contextualize', 'Contextualize', 'Contextualize']",Contextualize,True,True
CC201,"Other work on modeling the meanings of verbs using video recognition has also begun showing great promise ( [CITED_AUTHOR] ; Regneri et al. , 2013 ) .",Contextualize,"['Contextualize', 'Contextualize', 'Use']",Contextualize,False,True
CC42,"Since the arguments can provide useful semantic information , the SRL is crucial to many natural language processing tasks , such as Question and Answering ( Narayanan and Harabagiu 2004 ) , Information Extraction ( Surdeanu et al. 2003 ) , and Machine Translation ( [CITED_AUTHOR] ) .",Contextualize,"['Contextualize', 'Contextualize', 'Use']",Contextualize,False,True
CC565,"Furthermore , the need to answer questions related to patient care at the point of service has been well studied and documented ( Covell , Uman , and Manning 1985 ; Gorman , Ash , and Wykoff 1994 ; [CITED_AUTHOR] , 2005 ) .",Contextualize,"['Contextualize', 'Contextualize', 'Contextualize']",Contextualize,True,True
CC397,"Thanks are due to one of the anonymous reviewers for pointing out that our wEBMT system , seeded with input from multiple translation systems , with a postvalidation process via the Web ( amounting to an n-gram target language model ) , in effect forms a multiengine MT system as described by Frederking and Nirenburg ( 1994 ) , [CITED_AUTHOR] , and Hogan and Frederking ( 1998 ) .",Contextualize,"['Contextualize', 'Justify Design Choice', 'Contextualize']",Contextualize,False,True
CC246,"But while Bod 's estimator obtains state-of-the-art results on the WSJ , comparable to Charniak ( 2000 ) and Collins ( 2000 ) , Bonnema et al. 's estimator performs worse and is comparable to [CITED_AUTHOR] .",Contextualize,"['Evaluate Against', 'Evaluate Against', 'Evaluate Against']",Evaluate Against,True,False
CC539,"A more flexible approach is used by [CITED_AUTHOR] , where users can specify boundary values for attributes like rainfall , specifying , for example , rain counts as moderate above 7 mm/h , as heavy above 20 mm/h , and so on .",Contextualize,"['Contextualize', 'Use', 'Use']",Use,False,False
CCT8,"The strategies employed when MIMIC has only dialogue initiative are similar to the mixed initiative dialogue strategies employed by many existing spoken dialogue systems ( e.g. , ( Bennacef et at. , 1996 ; [CITED_AUTHOR] ) ) .",Contextualize,"['Contextualize', 'Contextualize', 'Contextualize']",Contextualize,True,True
CC720,"The problem of handling ill-formed input has been studied by Carbonell and Hayes ( 1983 ) , Granger ( 1983 ) , Jensen et al. ( 1983 ) , [CITED_AUTHOR] , Riesbeck and Schank ( 1976 ) , Thompson ( 1980 ) , Weischedel and Black ( 1980 ) , and Weischedel and Sondheimer ( 1983 ) .",Contextualize,"['Contextualize', 'Contextualize', 'Contextualize']",Contextualize,True,True
CCT223,"Notable early papers on graph-based semisupervised learning include Blum and Chawla ( 2001 ) , Bansal et al. ( 2002 ) , Kondor and Lafferty ( 2002 ) , and [CITED_AUTHOR] .",Contextualize,"['Contextualize', 'Contextualize', 'Contextualize']",Contextualize,True,True
CC306,Reiter describes a pipelined modular approach as a consensus architecture underlying most recent work in generation ( [CITED_AUTHOR] ) .,Contextualize,"['Contextualize', 'Contextualize', 'Contextualize']",Contextualize,True,True
CC335,"Against the background of a growing interest in multilingual NLP , multilingual anaphora / coreference resolution has gained considerable momentum in recent years ( Aone and McKee 1993 ; Azzam , Humphreys , and Gaizauskas 1998 ; Harabagiu and Maiorano 2000 ; Mitkov and Barbu 2000 ; [CITED_AUTHOR] ; Mitkov and Stys 1997 ; Mitkov , Belguith , and Stys 1998 ) .",Contextualize,"['Contextualize', 'Contextualize', 'Contextualize']",Contextualize,True,True
CC469,Recent work by [CITED_AUTHOR] on the filtering phase of this approach uses linguistic verb classes ( based on Levin [ 1993 ] ) for obtaining more accurate back-off estimates for hypothesis selection .,Contextualize,"['Use', 'Use', 'Use']",Use,True,False
CC608,"Two applications that, like help-desk, deal with questionÔøΩanswer pairs are: sum- marization of e-mail threads (Dalli, Xia, and Wilks 2004; Shrestha and McKeown 2004), and answer extraction in FAQs (Frequently Asked Questions) (Berger and Mittal 2000; Berger et al. 2000; Jijkoun and de Rijke 2005; [CITED_AUTHOR] ) .",Contextualize,"['Contextualize', 'Contextualize', 'Contextualize']",Contextualize,True,True
CC719,"A number of speech understanding systems have been developed during the past fifteen years ( Barnett et al. 1980 , Dixon and Martin 1979 , Erman et al. 1980 , Haton and Pierrel 1976 , Lea 1980 , Lowerre and Reddy 1980 , Medress 1980 , Reddy 1976 , Walker 1978 , and [CITED_AUTHOR] ) .",Contextualize,"['Contextualize', 'Contextualize', 'Contextualize']",Contextualize,True,True
CC1461,"Arabic has two kinds of plurals : broken plurals and sound plurals ( [CITED_AUTHOR] ; Chen and Gey , 2002 ) .",Contextualize,"['Contextualize', 'Contextualize', 'Contextualize']",Contextualize,True,True
CC827,"The necessity of this kind of merging of arguments has been recognized before : [CITED_AUTHOR] call it abductive unification/matching , Hobbs ( 1978 , 1979 ) refers to such operations using the terms knitting or petty conversational implicature .",Contextualize,"['Contextualize', 'Contextualize', 'Contextualize']",Contextualize,True,True
CC1641,"Our work is more similar to NLG work that concentrates on structural constraints such as generative poetry ( Greene et al. , 2010 ) ( Colton et al. , 2012 ) ( Jiang and Zhou , 2008 ) or song lyrics ( [CITED_AUTHOR] ) ( Ramakrishnan A et al. , 2009 ) , where specified meter or rhyme schemes are enforced .",Contextualize,"['Contextualize', 'Contextualize', 'Contextualize']",Contextualize,True,True
CC171,"This result is consistent with other works using this model with these features ( Andrews et al. , 2009 ; [CITED_AUTHOR] ) .",Contextualize,"['Contextualize', 'Contextualize', 'Use']",Contextualize,False,True
CC1157,[CITED_AUTHOR] considers the second verb V2 as an aspectual complex comparable to the auxiliaries .,Contextualize,"['Contextualize', 'Use', 'Contextualize']",Contextualize,False,True
CC1497,"Various approaches for computing semantic relatedness of words or concepts have been proposed , e.g. dictionary-based ( Lesk , 1986 ) , ontology-based ( Wu and Palmer , 1994 ; [CITED_AUTHOR] ) , information-based ( Resnik , 1995 ; Jiang and Conrath , 1997 ) or distributional ( Weeds and Weir , 2005 ) .",Contextualize,"['Contextualize', 'Contextualize', 'Contextualize']",Contextualize,True,True
CC194,"[CITED_AUTHOR] introduce a new method of multimodal integration based on Canonical Correlation Analysis , and performs a systematic comparison between their CCA-based model and others on association norm prediction , held out feature prediction , and word similarity .",Contextualize,"['Evaluate Against', 'Evaluate Against', 'Use']",Evaluate Against,False,False
CC902,The computational treatment of lexical rules as covariation in lexical entries was implemented in Prolog by the authors in cooperation with Dieter Martini for the ConTroll system ( Gerdemann and [CITED_AUTHOR] ; Gotz and Meurers 1997a ) .,Contextualize,"['Contextualize', 'Use', 'Use']",Use,False,False
CC172,"Other work on modeling the meanings of verbs using video recognition has also begun showing great promise ( Mathe et al. , 2008 ; [CITED_AUTHOR] ) .",Contextualize,"['Contextualize', 'Contextualize', 'Use']",Contextualize,False,True
CC344,"A number of proposals in the 1990s deliberately limited the extent to which they relied on domain and/or linguistic knowledge and reported promising results in knowledge-poor operational environments ( Dagan and Itai 1990 , 1991 ; Lappin and Leass 1994 ; Nasukawa 1994 ; Kennedy and Boguraev 1996 ; Williams , Harvey , and Preston 1996 ; Baldwin 1997 ; [CITED_AUTHOR] , 1998b ) .",Contextualize,"['Contextualize', 'Contextualize', 'Contextualize']",Contextualize,True,True
CC955,The right-side context of a non-terminal category -- the probability of generating a category to the right of the current constituent 's category -- corresponds directly to the category transitions used for the HMM supertagger of [CITED_AUTHOR] .,Contextualize,"['Contextualize', 'Contextualize', 'Use']",Contextualize,False,True
CC186,[CITED_AUTHOR] take an entirely different approach by showing that one can successfully infer held out feature norms from weighted mixtures based on textual similarity .,Contextualize,"['Evaluate Against', 'Contextualize', 'Contextualize']",Contextualize,False,True
CC913,The powerful mechanism of lexical rules ( [CITED_AUTHOR] ) has been used in many natural language processing systems .,Contextualize,"['Use', 'Use', 'Use']",Use,True,False
CC1421,"Various feature selection techniques have been used in automatic text categorization ; they include document frequency ( DF ) , information gain ( IG ) ( [CITED_AUTHOR] ) , minimum description length principal ( Lang , 1995 ) , and the X2 statistic .",Contextualize,"['Contextualize', 'Contextualize', 'Use']",Contextualize,False,True
CC1146,"Similar observation for surface word frequency was also observed by ( Bertram et al. , 2000 ; Bradley , 1980 ; Burani et al. , 1987 ; Burani et al. , 1984 ; Schreuder et al. , 1997 ; Taft 1975 ; [CITED_AUTHOR] ) where it has been claimed that words having low surface frequency tends to decompose .",Contextualize,"['Contextualize', 'Contextualize', 'Use']",Contextualize,False,True
CC506,"We will examine the worst-case complexity of interpretation as well as generation to shed some light on the hypothesis that vague descriptions are more difficult to process than others because they involve a comparison between objects ( Beun and Cremers 1998 , [CITED_AUTHOR] ) .",Contextualize,"['Contextualize', 'Use', 'Justify Design Choice']",Contextualize,False,True
CC1240,"There are several variations of such a method ( Ballesteros and Croft , 1998 ; Pirkola , 1998 ; [CITED_AUTHOR] ) .",Contextualize,"['Contextualize', 'Contextualize', 'Contextualize']",Contextualize,True,True
CC57,"It is only recently that the web name ambiguity has been approached as a separate problem and defined as an NLP task Web People Search on its own ( Artiles et al. , 2005 ; [CITED_AUTHOR] ) .",Contextualize,"['Contextualize', 'Contextualize', 'Contextualize']",Contextualize,True,True
CC485,Lexical functional grammar ( [CITED_AUTHOR] ; Bresnan 2001 ; Dalrymple 2001 ) is a member of the family of constraint-based grammars .,Contextualize,"['Contextualize', 'Contextualize', 'Contextualize']",Contextualize,True,True
CCT264,"Notable early papers on graph-based semisupervised learning include Blum and Chawla ( 2001 ) , Bansal et al. ( 2002 ) , [CITED_AUTHOR] , and Joachims ( 2003 ) .",Contextualize,"['Contextualize', 'Contextualize', 'Contextualize']",Contextualize,True,True
CC1565,√¢¬Ä¬¢ Graph transformations for recovering nonprojective structures ( [CITED_AUTHOR] ) .,Contextualize,"['Use', 'Use', 'Use']",Use,True,False
CC1246,"One common approach is using Machine Translation ( MT ) to translate the queries to the language of the documents or translate documents to the language of the queries ( Gey et al , 1999 ; [CITED_AUTHOR] ) .",Contextualize,"['Contextualize', 'Contextualize', 'Contextualize']",Contextualize,True,True
CC970,"The representations used by Danlos ( 2000 ) , Gardent and Webber ( 1998 ) , or [CITED_AUTHOR] are similar , but do not ( always ) explicitly represent the clause combining operations as labeled nodes .",Contextualize,"['Signal Gap', 'Justify Design Choice', 'Highlight Limitation']",Signal Gap,False,False
CC1547,"For example , a ` web page ' is more similar to an infinite canvas than a written page ( [CITED_AUTHOR] ) .",Contextualize,"['Contextualize', 'Use', 'Contextualize']",Contextualize,False,True
CC1454,"The EDR has close ties to the named entity recognition ( NER ) and coreference resolution tasks , which have been the focus of several recent investigations ( Bikel et al. , 1997 ; Miller et al. , 1998 ; Borthwick , 1999 ; Mikheev et al. , 1999 ; Soon et al. , 2001 ; [CITED_AUTHOR] ; Florian et al. , 2004 ) , and have been at the center of evaluations such as : MUC-6 , MUC-7 , and the CoNLL '02 and CoNLL '03 shared tasks .",Contextualize,"['Contextualize', 'Contextualize', 'Contextualize']",Contextualize,True,True
CC1244,[CITED_AUTHOR] studied the issue of disambiguation for mono-lingual M.,Contextualize,"['Contextualize', 'Contextualize', 'Contextualize']",Contextualize,True,True
CC419,"More specifically , the notion of the phrasal lexicon ( used first by [CITED_AUTHOR] ) has been used successfully in a number of areas :",Contextualize,"['Contextualize', 'Contextualize', 'Use']",Contextualize,False,True
CCT191,"Later works , such as Atallah et al. ( 2001a ) , [CITED_AUTHOR] , Taskiran et al. ( 2006 ) and Topkara et al. ( 2006b ) , further made use of part-ofspeech taggers and electronic dictionaries , such as WordNet and VerbNet , to increase the robustness of the method .",Contextualize,"['Use', 'Use', 'Use']",Use,True,False
CC424,"Some examples include text categorization ( [CITED_AUTHOR] ) , base noun phrase chunking ( Ngai and Yarowsky 2000 ) , part-of-speech tagging ( Engelson Dagan 1996 ) , spelling confusion set disambiguation ( Banko and Brill 2001 ) , and word sense disambiguation ( Fujii et al. 1998 ) .",Contextualize,"['Contextualize', 'Contextualize', 'Use']",Contextualize,False,True
CC156,"( Watanabe et al. , 2007 ; Chiang et al. , 2008 ; [CITED_AUTHOR] ) proposed other optimization objectives by introducing a margin-based and ranking-based indirect loss functions .",Contextualize,"['Contextualize', 'Contextualize', 'Contextualize']",Contextualize,True,True
CC1313,"There have been many studies on parsing techniques ( [CITED_AUTHOR] ; Flickinger et al. , 2000 ) , ones on disambiguation models ( Chiang , 2000 ; Kanayama et al. , 2000 ) , and ones on programming/grammar-development environment (Sarkar and Wintner, 1999; Doran et al., 2000; Makino et al., 1998).",Contextualize,"['Contextualize', 'Contextualize', 'Contextualize']",Contextualize,True,True
CC1427,"More recently , ( [CITED_AUTHOR] ) has performed a good survey of document categorization ; recent works can also be found in ( Joachims , 2002 ) , ( Crammer and Singer , 2003 ) , and ( Lewis et al. , 2004 ) .",Contextualize,"['Contextualize', 'Contextualize', 'Contextualize']",Contextualize,True,True
CC1428,"Automatic text categorization has been used in search engines , digital library systems , and document management systems ( [CITED_AUTHOR] ) .",Contextualize,"['Use', 'Contextualize', 'Use']",Use,False,False
CC1478,"ECM-F is an entity-constrained mention Fmeasure ( cfXXX ( [CITED_AUTHOR] ) for how ECM-F is computed ) , and ACE-Value is the official ACE evaluation metric .",Contextualize,"['Contextualize', 'Contextualize', 'Contextualize']",Contextualize,True,True
CC1094,"Over the last decade there has been a lot of interest in developing tutorial dialogue systems that understand student explanations ( [CITED_AUTHOR] ; Graesser et al. , 1999 ; Aleven et al. , 2001 ; Buckley and Wolska , 2007 ; Nielsen et al. , 2008 ; VanLehn et al. , 2007 ) , because high percentages of selfexplanation and student contentful talk are known to be correlated with better learning in humanhuman tutoring ( Chi et al. , 1994 ; Litman et al. , 2009 ; Purandare and Litman , 2008 ; Steinhauser et al. , 2007 ) .",Contextualize,"['Contextualize', 'Contextualize', 'Contextualize']",Contextualize,True,True
CC1600,"The ability to explicitly identify these sections in unstructured text could play an important role in applications such as document summarization ( Teufel and Moens , 2000 ) , information retrieval ( [CITED_AUTHOR] ) , information extraction ( Mizuta et al. , 2005 ) , and question answering .",Contextualize,"['Contextualize', 'Use', 'Use']",Use,False,False
CC1342,"For example , such schema can serve as a mean to represent translation examples , or find structural correspondences for the purpose of transfer grammar learning ( Menezes & Richardson , 2001 ) , ( Aramaki et al. , 2001 ) , ( [CITED_AUTHOR] ) , ( Meyers et al. , 2000 ) , ( Matsumoto et al. , 1993 ) , ( kaji et al. , 1992 ) , and example-base machine translation EBMT3 ( Sato & Nagao , 1990 ) , ( Sato , 1991 ) , ( Richardson et al. , 2001 ) , ( Al-Adhaileh & Tang , 1999 ) .",Contextualize,"['Use', 'Use', 'Use']",Use,True,False
CC68,"Some researchers ( [CITED_AUTHOR] ; Nguyen and Cao , 2008 ) have explored the use of Wikipedia information to improve the disambiguation process .",Contextualize,"['Contextualize', 'Contextualize', 'Contextualize']",Contextualize,True,True
CCT95,"For descriptions of SMT systems see for example ( [CITED_AUTHOR] ; Och et al. , 1999 ; Tillmann and Ney , 2002 ; Vogel et al. , 2000 ; Wang and Waibel , 1997 ) .",Contextualize,"['Contextualize', 'Contextualize', 'Contextualize']",Contextualize,True,True
CC1498,Many NLP applications require knowledge about semantic relatedness rather than just similarity ( [CITED_AUTHOR] ) .,Contextualize,"['Contextualize', 'Contextualize', 'Justify Design Choice']",Contextualize,False,True
CC1303,"In Table 2 , lem refers to the LTAG parser ( [CITED_AUTHOR] ) , ANSI C implementation of the two-phase parsing algorithm that performs the head corner parsing ( van Noord , 1994 ) without features ( phase 1 ) , and then executes feature unification ( phase 2 ) .",Contextualize,"['Contextualize', 'Contextualize', 'Contextualize']",Contextualize,True,True
CC1341,"Furthermore , medical terminology is characterized by a typical mix of Latin and Greek roots with the corresponding host language ( e.g. , German ) , often referred to as neo-classical compounding ( [CITED_AUTHOR] ) .",Contextualize,"['Contextualize', 'Contextualize', 'Contextualize']",Contextualize,True,True
CC1296,"Our group has developed a wide-coverage HPSG grammar for Japanese ( [CITED_AUTHOR] ) , which is used in a high-accuracy Japanese dependency analyzer ( Kanayama et al. , 2000 ) .",Contextualize,"['Use', 'Contextualize', 'Use']",Use,False,False
CC1339,"This has been reported for other languages , too , dependent on the generality of the chosen approach ( J √Ç¬® appinen and Niemist √Ç¬® o , 1988 ; Choueka , 1990 ; Popovic and Willett , 1992 ; Ekmekc √Ç¬∏ ioglu et al. , 1995 ; Hedlund et al. , 2001 ; [CITED_AUTHOR] ) .",Contextualize,"['Contextualize', 'Contextualize', 'Contextualize']",Contextualize,True,True
CC580,"The application of domain models and deep semantic knowledge to question answering has been explored by a variety of researchers ( e.g. , Jacquemart and Zweigenbaum 2003 , [CITED_AUTHOR] ) , and was also the focus of recent workshops on question answering in restricted domains at ACL 2004 and AAAI 2005 .",Contextualize,"['Contextualize', 'Contextualize', 'Contextualize']",Contextualize,True,True
CC1585,"Discriminative approaches ( especially SVMs ) have been shown to be very effective for many supervised classification tasks ; see , for example , ( Joachims , 1998 ; [CITED_AUTHOR] ) .",Contextualize,"['Contextualize', 'Contextualize', 'Use']",Contextualize,False,True
CC712,There is some literature on procedure acquisition such as the LISP synthesis work described in Biermann et al. ( 1984 ) and the PROLOG synthesis method of [CITED_AUTHOR] .,Contextualize,"['Contextualize', 'Contextualize', 'Contextualize']",Contextualize,True,True
CC1148,"There is a rich literature on organization and lexical access of morphologically complex words where experiments have been conducted mainly for derivational suffixed words of English , Hebrew , Italian , French , Dutch , and few other languages ( Marslen-Wilson et al. , 2008 ; Frost et al. , 1997 ; [CITED_AUTHOR] ; Drews and Zwitserlood , 1995 ) .",Contextualize,"['Contextualize', 'Contextualize', 'Contextualize']",Contextualize,True,True
CC1380,"For example , 10 million words of the American National Corpus ( [CITED_AUTHOR] ) will have manually corrected POS tags , a tenfold increase over the Penn Treebank ( Marcus et al. , 1993 ) , currently used for training POS taggers .",Contextualize,"['Contextualize', 'Use', 'Justify Design Choice']",Contextualize,False,True
CC510,"The function selects the Value that removes most distractors , but in case of a tie , the least specific contestant is chosen , as long as it is not less specific than the basic-level Value ( i.e. , the most commonly occurring and psychologically most fundamental level , [CITED_AUTHOR] ) .",Contextualize,"['Justify Design Choice', 'Justify Design Choice', 'Justify Design Choice']",Justify Design Choice,True,False
CC388,"[CITED_AUTHOR] attempt to translate technical terms using word relation matrices , although the resource from which such relations are derived is a pair of nonparallel corpora .",Contextualize,"['Highlight Limitation', 'Highlight Limitation', 'Highlight Limitation']",Highlight Limitation,True,False
CC1367,"Many provide graphical user interfaces ( GUI ) for manual annotation ( e.g. General Architecture for Text Engineering ( GATE ) ( [CITED_AUTHOR] ) and the Alembic Workbench ( Day et al. , 1997 ) ) as well as NLP tools and resources that can be manipulated from the GUI .",Contextualize,"['Contextualize', 'Contextualize', 'Contextualize']",Contextualize,True,True
CC163,They use a Bag of Visual Words ( BoVW ) model ( [CITED_AUTHOR] ) to create a bimodal vocabulary describing documents .,Contextualize,"['Use', 'Use', 'Use']",Use,True,False
CC823,"Because it is also consistent , it will be chosen as a best interpretation of S , ( cfXXX [CITED_AUTHOR]a , 1987b ) .",Contextualize,"['Justify Design Choice', 'Use', 'Justify Design Choice']",Justify Design Choice,False,False
CC1083,"For example , Jokinen and Ragni ( 2007 ) and [CITED_AUTHOR] find that machine learning algorithms can be trained to recognise some of the functions of head movements , while Reidsma et al. ( 2009 ) show that there is a dependence between focus of attention and assignment of dialogue act labels .",Contextualize,"['Contextualize', 'Contextualize', 'Contextualize']",Contextualize,True,True
CC1072,"Finally , feedback expressions ( head nods and shakes ) are successfully predicted from speech , prosody and eye gaze in interaction with Embodied Communication Agents as well as human communication ( [CITED_AUTHOR] ; Morency et al. , 2005 ; Morency et al. , 2007 ; Morency et al. , 2009 ) .",Contextualize,"['Contextualize', 'Use', 'Use']",Use,False,False
CC8,"Nevertheless , recent results show that knowledge-poor methods perform with amazing accuracy ( cfXXX ( [CITED_AUTHOR] ) , ( Kennedy and Boguraev , 1996 ) ( Kameyama , 1997 ) ) .",Contextualize,"['Contextualize', 'Use', 'Evaluate Against']",Contextualize,False,True
CC1239,"Another common approach is term translation, e.g., via a bilingual lexicon. (Davis and Ogden, 1997; [CITED_AUTHOR] ; Hull and Grefenstette, 1996).",Contextualize,"['Contextualize', 'Contextualize', 'Contextualize']",Contextualize,True,True
CC1114,They are widely used in MT as a way to figure out how to translate input in one language into output in another language ( [CITED_AUTHOR] ) .,Contextualize,"['Contextualize', 'Contextualize', 'Contextualize']",Contextualize,True,True
CC796,"Discrepancies in length throw constituents off balance , and so prosodic phrasing will cross constituent boundaries in order to give the phrases similar lengths ; this is the case in Chickens were eating II the remaining green vegetables , where the subject-predicate boundary finds no prosodic correspondent .4 The most explicit version of this approach is the analysis presented in [CITED_AUTHOR] ( henceforth G&G ) .",Contextualize,"['Contextualize', 'Contextualize', 'Use']",Contextualize,False,True
CC50,The Chinese PropBank has labeled the predicateargument structures of sentences from the Chinese TreeBank ( [CITED_AUTHOR] ) .,Contextualize,"['Contextualize', 'Contextualize', 'Contextualize']",Contextualize,True,True
CCT239,"A few others incorporate various measures of inter-document similarity between the texts to be labeled ( [CITED_AUTHOR] ; Pang and Lee , 2005 ; Goldberg and Zhu , 2006 ) .",Contextualize,"['Contextualize', 'Contextualize', 'Contextualize']",Contextualize,True,True
CCT261,"Politically-oriented text Sentiment analysis has specifically been proposed as a key enabling technology in eRulemaking , allowing the automatic analysis of the opinions that people submit ( Shulman et al. , 2005 ; [CITED_AUTHOR] ; Kwon et al. , 2006 ) .",Contextualize,"['Contextualize', 'Use', 'Contextualize']",Contextualize,False,True
CC826,"We have shown elsewhere ( [CITED_AUTHOR] ; Zadrozny 1987a , 1987b ) that natural language programs , such as on-line grammars and dictionaries , can be used as referential levels for commonsense reasoning -- for example , to disambiguate PP attachment .",Contextualize,"['Contextualize', 'Use', 'Use']",Use,False,False
CC738,How it is done is beyond the scope of this paper but is explained in detail in [CITED_AUTHOR] .,Contextualize,"['Highlight Limitation', 'Contextualize', 'Contextualize']",Contextualize,False,True
CC767,"The grammar code system used in LDOCE is based quite closely on the descriptive grammatical framework of [CITED_AUTHOR] , 1985 ) .",Contextualize,"['Justify Design Choice', 'Justify Design Choice', 'Contextualize']",Justify Design Choice,False,False
CC1007,"For HMMs ( footnote 11 ) , Ti is the familiar trellis , and we would like this computation of ti to reduce to the forwardbackward algorithm ( [CITED_AUTHOR] ) .",Contextualize,"['Evaluate Against', 'Justify Design Choice', 'Justify Design Choice']",Justify Design Choice,False,False
CC157,"Some methods are based on likelihood ( Och and Ney , 2002 ; Blunsom et al. , 2008 ) , error rate ( Och , 2003 ; Zhao and Chen , 2009 ; Pauls et al. , 2009 ; Galley and Quirk , 2011 ) , margin ( Watanabe et al. , 2007 ; Chiang et al. , 2008 ) and ranking ( [CITED_AUTHOR] ) , and among which minimum error rate training ( MERT ) ( Och , 2003 ) is the most popular one .",Contextualize,"['Contextualize', 'Contextualize', 'Contextualize']",Contextualize,True,True
CC813,"The last point may be seen better if we look at some differences between our system and KRYPTON , which also distinguishes between an object theory and background knowledge ( cfXXX [CITED_AUTHOR] ) .",Contextualize,"['Evaluate Against', 'Contextualize', 'Contextualize']",Contextualize,False,True
CC616,In [CITED_AUTHOR]a ) we identified several systems that resemble ours in that they provide answers to queries .,Contextualize,"['Contextualize', 'Contextualize', 'Contextualize']",Contextualize,True,True
CCT262,"Task properties Determining whether or not a speaker supports a proposal falls within the realm of sentiment analysis , an extremely active research area devoted to the computational treatment of subjective or opinion-oriented language ( early work includes [CITED_AUTHOR] , Hearst ( 1992 ) , Sack ( 1994 ) , and Wiebe ( 1994 ) ; see Esuli ( 2006 ) for an active bibliography ) .",Contextualize,"['Contextualize', 'Contextualize', 'Contextualize']",Contextualize,True,True
CC611,"In our work , we gather sets of sentences , and assume ( but do not employ ) existing approaches for their organization ( [CITED_AUTHOR] ; Barzilay , Elhadad , and McKeown 2001 ; Barzilay and McKeown 2005 ) .",Contextualize,"['Highlight Limitation', 'Contextualize', 'Justify Design Choice']",Highlight Limitation,False,False
CCT151,"We chose the adjectives as follows : we first compiled a list of all the polysemous adjectives mentioned in the lexical semantics literature ( Vendler , 1968 ; [CITED_AUTHOR] ) .",Contextualize,"['Justify Design Choice', 'Justify Design Choice', 'Justify Design Choice']",Justify Design Choice,True,False
CC749,In this paper we focus on the exploitation of the LDOCE grammar coding system ; [CITED_AUTHOR] and Alshawi ( 1987 ) describe further research in Cambridge utilising different types of information available in LDOCE .,Contextualize,"['Contextualize', 'Contextualize', 'Contextualize']",Contextualize,True,True
CCT226,"Also relevant is work on the general problems of dialog-act tagging ( Stolcke et al. , 2000 ) , citation analysis ( Lehnert et al. , 1990 ) , and computational rhetorical analysis ( [CITED_AUTHOR] ; Teufel and Moens , 2002 ) .",Contextualize,"['Contextualize', 'Contextualize', 'Contextualize']",Contextualize,True,True
CC876,"Representative systems are described in Boisen et al. ( 1989 ) , De Mattia and Giachin ( 1989 ) , [CITED_AUTHOR] , Niemann ( 1990 ) , and Young ( 1989 ) .",Contextualize,"['Contextualize', 'Contextualize', 'Contextualize']",Contextualize,True,True
CC1389,"Other attempts to address efficiency include the fast Transformation Based Learning ( TBL ) Toolkit ( Ngai and Florian , 2001 ) which dramatically speeds up training TBL systems , and the translation of TBL rules into finite state machines for very fast tagging ( [CITED_AUTHOR] ) .",Contextualize,"['Contextualize', 'Contextualize', 'Contextualize']",Contextualize,True,True
CC112,"This includes work on question answering ( Wang et al. , 2007 ) , sentiment analysis ( Nakagawa et al. , 2010 ) , MT reordering ( [CITED_AUTHOR] ) , and many other tasks .",Contextualize,"['Contextualize', 'Contextualize', 'Use']",Contextualize,False,True
CCT179,"Due to advances in statistical syntactic parsing techniques ( [CITED_AUTHOR] ; Charniak , 2001 ) , attention has recently shifted towards the harder question of analyzing the meaning of natural language sentences .",Contextualize,"['Contextualize', 'Contextualize', 'Contextualize']",Contextualize,True,True
CC352,"There are two corpora normally used for evaluation in a number of text-processing tasks : the Brown corpus ( [CITED_AUTHOR] ) and the Wall Street Journal ( WSJ ) corpus , both part of the Penn Treebank ( Marcus , Marcinkiewicz , and Santorini 1993 ) .",Contextualize,"['Contextualize', 'Contextualize', 'Contextualize']",Contextualize,True,True
CC317,"In the CLE-QLF approach, as rationally reconstructed by [CITED_AUTHOR] and Crouch and Putman ( 1994 ) , the context-independent meaning of a sentence is given by one or more QLFs that are built directly from syntactic and semantic rules.",Contextualize,"['Contextualize', 'Contextualize', 'Contextualize']",Contextualize,True,True
CC1127,"They proved to be useful in a number of NLP applications such as natural language generation ( Iordanskaja et al. , 1991 ) , multidocument summarization ( McKeown et al. , 2002 ) , automatic evaluation of MT ( Denkowski and Lavie , 2010 ) , and TE ( [CITED_AUTHOR] ) .",Contextualize,"['Contextualize', 'Use', 'Use']",Use,False,False
CCT268,"Politically-oriented text Sentiment analysis has specifically been proposed as a key enabling technology in eRulemaking , allowing the automatic analysis of the opinions that people submit ( [CITED_AUTHOR] ; Cardie et al. , 2006 ; Kwon et al. , 2006 ) .",Contextualize,"['Contextualize', 'Use', 'Use']",Use,False,False
CC848,"Opposition ( called ""adversative"" or ""contrary-to-expectation"" by [CITED_AUTHOR] ; cfXXX also Quirk et al. 1972 , p. 672 ) .",Contextualize,"['Contextualize', 'Contextualize', 'Contextualize']",Contextualize,True,True
CC162,"Some works abstract perception via the usage of symbolic logic representations ( [CITED_AUTHOR] ; Chen and Mooney , 2011 ; Matuszek et al. , 2012 ; Artzi and Zettlemoyer , 2013 ) , while others choose to employ concepts elicited from psycholinguistic and cognition studies .",Contextualize,"['Contextualize', 'Contextualize', 'Contextualize']",Contextualize,True,True
CC1178,"It is analogous to the step in other translation model induction algorithms that sets all probabilities below a certain threshold to negligible values ( Brown et al. , 1990 ; Dagan et al. , 1993 ; [CITED_AUTHOR] ) .",Contextualize,"['Contextualize', 'Contextualize', 'Contextualize']",Contextualize,True,True
CC1281,"Thus , over the past few years , along with advances in the use of learning and statistical methods for acquisition of full parsers ( Collins , 1997 ; Charniak , 1997a ; Charniak , 1997b ; Ratnaparkhi , 1997 ) , significant progress has been made on the use of statistical learning methods to recognize shallow parsing patterns syntactic phrases or words that participate in a syntactic relationship ( Church , 1988 ; Ramshaw and Marcus , 1995 ; [CITED_AUTHOR] ; Cardie and Pierce , 1998 ; Munoz et al. , 1999 ; Punyakanok and Roth , 2001 ; Buchholz et al. , 1999 ; Tjong Kim Sang and Buchholz , 2000 ) .",Contextualize,"['Contextualize', 'Contextualize', 'Contextualize']",Contextualize,True,True
CCT159,"However , [CITED_AUTHOR] claims that the log-likelihood chisquared statistic ( G2 ) is more appropriate for corpus-based NLP .",Contextualize,"['Evaluate Against', 'Justify Design Choice', 'Justify Design Choice']",Justify Design Choice,False,False
CC756,"In addition , there are a number of projects under way to develop substantial lexicons from machine readable sources ( see [CITED_AUTHOR] for details ) .",Contextualize,"['Contextualize', 'Contextualize', 'Contextualize']",Contextualize,True,True
CC451,"Unlike our approach , those of [CITED_AUTHOR] and Hockenmaier , Bierner , and Baldridge ( 2004 ) include a substantial initial correction and clean-up of the Penn-II trees .",Contextualize,"['Justify Design Choice', 'Justify Design Choice', 'Justify Design Choice']",Justify Design Choice,True,False
CC1551,"While wikis have spread from a detailed design ( [CITED_AUTHOR] ) , unfortunately blogs have not been designed under a model .",Contextualize,"['Signal Gap', 'Contextualize', 'Signal Gap']",Signal Gap,False,False
CC739,There is some literature on procedure acquisition such as the LISP synthesis work described in [CITED_AUTHOR] and the PROLOG synthesis method of Shapiro ( 1982 ) .,Contextualize,"['Contextualize', 'Contextualize', 'Contextualize']",Contextualize,True,True
CC1580,"By contrast , Turkish ( Oflazer et al. , 2003 ; [CITED_AUTHOR] ) exhibits high root accuracy but consistently low attachment scores ( about 88 % for length 1 and 68 % for length 2 ) .",Evaluate Against,"['Highlight Limitation', 'Contextualize', 'Evaluate Against']",Highlight Limitation,False,False
CC689,The result holds for both the MaltParser ( [CITED_AUTHOR] ) and the Easy-First Parser ( Goldberg and Elhadad 2010 ) .,Evaluate Against,"['Evaluate Against', 'Contextualize', 'Use']",Evaluate Against,False,True
CC1135,"For the sake of completeness , we report in this section also the results obtained adopting the `` basic solution '' proposed by ( [CITED_AUTHOR] ) .",Evaluate Against,"['Evaluate Against', 'Use', 'Contextualize']",Evaluate Against,False,True
CC1423,"To sum up , this work has been carried out to automatically classify Arabic documents using the NB algorithm , with the use of a different data set , a different number of categories , and a different root extraction algorithm from those used in ( [CITED_AUTHOR] ) .",Evaluate Against,"['Modify', 'Justify Design Choice', 'Justify Design Choice']",Justify Design Choice,False,False
CC1494,[CITED_AUTHOR] reported an intra-subject correlation of r = .85 for 15 subjects judging the similarity of a subset ( 36 ) of the original 65 word pairs .,Evaluate Against,"['Contextualize', 'Use', 'Use']",Use,False,False
CC1172,[CITED_AUTHOR] reported that the translation lexicon that our model induced from this tiny bitext accounted for 30 % of the word types with precision between 84 % and 90 % .,Evaluate Against,"['Evaluate Against', 'Use', 'Use']",Use,False,False
CCT274,This contrasts with the findings described in [CITED_AUTHOR] where significant improvements could be achieved by increasing the number of source languages .,Evaluate Against,"['Evaluate Against', 'Signal Gap', 'Evaluate Against']",Evaluate Against,False,True
CC319,"We then go on to compare the current approach with that of some other theories with similar aims : the `` standard version of quasi-logical form implemented in the Core Language Engine , as rationally reconstructed by [CITED_AUTHOR] and Crouch and Pulman ( 1994 ) ; underspecified Discourse Representation Theory ( Reyle 1993 ) ; and the `` glue language approach of Dalrymple et al. ( 1996 ) .",Evaluate Against,"['Evaluate Against', 'Evaluate Against', 'Evaluate Against']",Evaluate Against,True,True
CC250,"Collins 1996 , Charniak 1997 , Collins 1999 and [CITED_AUTHOR] ) .",Evaluate Against,"['Contextualize', 'Contextualize', 'Use']",Contextualize,False,False
CC954,"We evaluated on the English CCGBank ( Hockenmaier and Steedman , 2007 ) , which is a transformation of the Penn Treebank ( [CITED_AUTHOR] ) ; the CTBCCG ( Tse and Curran , 2010 ) transformation of the Penn Chinese Treebank ( Xue et al. , 2005 ) ; and the CCG-TUT corpus ( Bos et al. , 2009 ) , built from the TUT corpus of Italian text ( Bosco et al. , 2000 ) .",Evaluate Against,"['Use', 'Use', 'Contextualize']",Use,False,False
CC1119,"Using the basic solution proposed by ( [CITED_AUTHOR] ) as a term of comparison , we experiment with different sources of multilingual lexical knowledge to address the following questions :",Evaluate Against,"['Evaluate Against', 'Use', 'Evaluate Against']",Evaluate Against,False,True
CCT156,"This appeared to solve the problem , and the results presented later for the average degree of generalisation do not show an over-generalisation compared with those given in [CITED_AUTHOR] .",Evaluate Against,"['Evaluate Against', 'Evaluate Against', 'Evaluate Against']",Evaluate Against,True,True
CC1446,"In addition to its explanatory capacity , this symbolic acquisition technique has obtained good results for other acquisition tasks when compared to existing statistical techniques ( [CITED_AUTHOR] ) .",Evaluate Against,"['Justify Design Choice', 'Use', 'Evaluate Against']",Justify Design Choice,False,False
CC1514,"[CITED_AUTHOR] reported a correlation of r = .9026.10 The results are not directly comparable , because he only used noun-noun pairs , words instead of concepts , a much smaller dataset , and measured semantic similarity instead of semantic relatedness .",Evaluate Against,"['Highlight Limitation', 'Highlight Limitation', 'Evaluate Against']",Highlight Limitation,False,False
CC693,The result holds for both the MaltParser ( Nivre 2008 ) and the Easy-First Parser ( [CITED_AUTHOR] ) .,Evaluate Against,"['Evaluate Against', 'Contextualize', 'Use']",Evaluate Against,False,True
CC1215,This indicates that parse trees are usually not the optimal choice for training tree-based translation models ( [CITED_AUTHOR] ) .,Highlight Limitation,"['Highlight Limitation', 'Use', 'Justify Design Choice']",Highlight Limitation,False,True
CC1407,"While corpus driven efforts along the PARSEVAL lines ( [CITED_AUTHOR] ) are good at giving some measure of a grammar coverage , they are not suitable for finer grained analysis and in particular , for progress evaluation , regression testing and comparative report generation .",Highlight Limitation,"['Highlight Limitation', 'Highlight Limitation', 'Highlight Limitation']",Highlight Limitation,True,True
CC542,"A further complication is that different speakers can regard very different values as prototypical , making it difficult to assess which of two objects is greener even on one dimension ( [CITED_AUTHOR] , pages 10 -- 12 ) .",Highlight Limitation,"['Highlight Limitation', 'Highlight Limitation', 'Highlight Limitation']",Highlight Limitation,True,True
CCT145,"Notice that it is not possible to use corpus annotation to determine the likelihood of a given property to be chosen , unless we know in advance all of the properties that can be attributed to a given object , as in the case of Jordan 's work on the COCONUT domain ( [CITED_AUTHOR] ) .",Highlight Limitation,"['Highlight Limitation', 'Use', 'Highlight Limitation']",Highlight Limitation,False,True
CC13,Research that is more similar in goal to that outlined in this paper is Vosse ( [CITED_AUTHOR] ) .,Highlight Limitation,"['Contextualize', 'Contextualize', 'Contextualize']",Contextualize,True,False
CCT62,"Their kernel is also very time consuming and in their more general sparse setting it requires O ( mn3 ) time and O ( mn2 ) space , where m and n are the number of nodes of the two trees ( m > = n ) ( [CITED_AUTHOR] ) .",Highlight Limitation,"['Highlight Limitation', 'Highlight Limitation', 'Highlight Limitation']",Highlight Limitation,True,True
CC1134,"Some previous works ( Bannard and Callison-Burch , 2005 ; [CITED_AUTHOR] ; Kouylekov et al. , 2009 ) indicate , as main limitations of the mentioned resources , their limited coverage , their low precision , and the fact that they are mostly suitable to capture relations mainly between single words .",Highlight Limitation,"['Highlight Limitation', 'Highlight Limitation', 'Highlight Limitation']",Highlight Limitation,True,True
CC393,"From this description , it should be clear that TM systems do not translate : Indeed , some researchers consider them to be little more than a search-and-replace engine , albeit a rather sophisticated one ( [CITED_AUTHOR] ) .",Highlight Limitation,"['Use', 'Use', 'Evaluate Against']",Use,False,False
CC1062,"However , learning-based resolvers have not been able to benefit from having an SC agreement feature , presumably because the method used to compute the SC of an NP is too simplistic : while the SC of a proper name is computed fairly accurately using a named entity ( NE ) recognizer , many resolvers simply assign to a common noun the first ( i.e. , most frequent ) WordNet sense as its SC ( e.g. , [CITED_AUTHOR] , Markert and Nissim ( 2005 ) ) .",Highlight Limitation,"['Highlight Limitation', 'Use', 'Highlight Limitation']",Highlight Limitation,False,True
CC15,Our work builds on earlier research on learning to identify dialogues in which the user experienced poor speech recognizer performance ( [CITED_AUTHOR] ) .,Highlight Limitation,"['Contextualize', 'Contextualize', 'Use']",Contextualize,False,False
CC1525,Word frequency counts in internet search engines are inconsistent and unreliable ( [CITED_AUTHOR] ) .,Highlight Limitation,"['Highlight Limitation', 'Use', 'Highlight Limitation']",Highlight Limitation,False,True
CC1438,"This approach , which uses words that appear in the context of terms to formulate hypotheses on their semantic relatedness ( [CITED_AUTHOR] , for example ) , does not specify the relationship itself .",Highlight Limitation,"['Highlight Limitation', 'Highlight Limitation', 'Highlight Limitation']",Highlight Limitation,True,True
CC1185,"This imbalance foils thresholding strategies , clever as they might be ( Gale & Church , 1991 ; Wu & Xia , 1994 ; [CITED_AUTHOR] ) .",Highlight Limitation,"['Highlight Limitation', 'Highlight Limitation', 'Highlight Limitation']",Highlight Limitation,True,True
CC1352,"In this Section , we will describe some example cases , which are drawn from the problem of using synchronous formalisms to define translations between languages ( e.g. [CITED_AUTHOR] cases ) .",Highlight Limitation,"['Contextualize', 'Contextualize', 'Contextualize']",Contextualize,True,False
CC496,"As a generalization , [CITED_AUTHOR] notes that lexicons such as COMLEX tend to demonstrate high precision but low recall .",Highlight Limitation,"['Highlight Limitation', 'Contextualize', 'Contextualize']",Contextualize,False,False
CC647,"This is the approach taken by IBM Models 4 + ( Brown et al. 1993b ; Och and Ney 2003 ) , and more recently by the LEAF model ( [CITED_AUTHOR] ) .",Highlight Limitation,"['Contextualize', 'Contextualize', 'Contextualize']",Contextualize,True,False
CC318,A third problem arises with the approach to the semantics of QLFs that this notion of the relationship between QLF and RQLF encourages one to adopt : it is that taken by [CITED_AUTHOR] .,Highlight Limitation,"['Highlight Limitation', 'Contextualize', 'Contextualize']",Contextualize,False,False
CC363,"As [CITED_AUTHOR] rightly pointed out , however , `` Proper nouns and capitalized words are particularly problematic : some capitalized words are proper nouns and some are not .",Highlight Limitation,"['Highlight Limitation', 'Use', 'Highlight Limitation']",Highlight Limitation,False,True
CC1164,"This imbalance foils thresholding strategies , clever as they might be ( [CITED_AUTHOR] ; Wu & Xia , 1994 ; Chen , 1996 ) .",Highlight Limitation,"['Highlight Limitation', 'Use', 'Highlight Limitation']",Highlight Limitation,False,True
CC356,"We see no good reason , however , why such text spans should necessarily be sentences , since the majority of tagging paradigms ( e.g. , Hidden Markov Model [ HMM ] [ Kupiec 1992 ] , Brill 's [ [CITED_AUTHOR]a ] , and MaxEnt [ Ratnaparkhi 1996 ] ) do not attempt to parse an entire sentence and operate only in the local window of two to three tokens .",Justify Design Choice,"['Justify Design Choice', 'Justify Design Choice', 'Justify Design Choice']",Justify Design Choice,True,True
CCT74,In multi-party discussion people usually mention each other 's name for the purpose of disentanglement ( [CITED_AUTHOR] ) .,Justify Design Choice,"['Contextualize', 'Contextualize', 'Use']",Contextualize,False,False
CC490,"As noted above , it is well documented ( [CITED_AUTHOR] ) that subcategorization frames ( and their frequencies ) vary across domains .",Justify Design Choice,"['Contextualize', 'Contextualize', 'Contextualize']",Contextualize,True,False
CC1460,The coreference system system is similar to the Bell tree algorithm as described by ( [CITED_AUTHOR] ) .,Justify Design Choice,"['Contextualize', 'Use', 'Contextualize']",Contextualize,False,False
CCT172,"[CITED_AUTHOR] observes that accomplishments differ from achievements only in terms of event duration , which is often a question of granularity .",Justify Design Choice,"['Contextualize', 'Contextualize', 'Contextualize']",Contextualize,True,False
CCT230,"Fol- lowing standard practice in sentiment analysis ( [CITED_AUTHOR] ) , the input to SVMlight con- sisted of normalized presence-of-feature (rather than frequency-of-feature) vectors.",Justify Design Choice,"['Justify Design Choice', 'Contextualize', 'Justify Design Choice']",Justify Design Choice,False,True
CC417,"Nevertheless , [CITED_AUTHOR] , page 23 ) observes that `` a slightly more general mapping , where two adjacent terminal symbols can be merged into a single lexical item ( for example , a word and its case-marking ) , can capture this sort of result quite handily . ''",Justify Design Choice,"['Modify', 'Justify Design Choice', 'Use']",Modify,False,False
CC515,"Hermann and Deutsch ( 1976 ; also reported in [CITED_AUTHOR] ) show that greater differences are most likely to be chosen , presumably because they are more striking .",Justify Design Choice,"['Use', 'Use', 'Justify Design Choice']",Use,False,False
CCT110,"If each word 's translation is treated as a sense tag ( [CITED_AUTHOR] ) , then `` translational '' collocations have the unique property that the collocate and the word sense are one and the same !",Justify Design Choice,"['Use', 'Use', 'Use']",Use,True,False
CC438,"That is , if the current hypothesis is unable to label a candidate or is uncertain about it , then the candidate might be a good training example ( [CITED_AUTHOR] ) .",Justify Design Choice,"['Justify Design Choice', 'Justify Design Choice', 'Use']",Justify Design Choice,False,True
CC700,"Hence MaltParser features are defined as POS tag at stk[0], word-form at buf[0], and so on. KÔøΩbler, McDonald, and [CITED_AUTHOR] describe a ÔøΩtypicalÔøΩ MaltParser model configuration of attributes and features.13",Justify Design Choice,"['Contextualize', 'Justify Design Choice', 'Use']",Contextualize,False,False
CC589,"Therefore , in order to be able to incorporate long-range dependencies in our models , we chose to adopt a re-ranking approach ( [CITED_AUTHOR] ) , which selects from likely assignments generated by a model which makes stronger independence assumptions .",Justify Design Choice,"['Justify Design Choice', 'Justify Design Choice', 'Justify Design Choice']",Justify Design Choice,True,True
CC350,"We see no good reason , however , why such text spans should necessarily be sentences , since the majority of tagging paradigms ( e.g. , Hidden Markov Model [ HMM ] [ [CITED_AUTHOR] ] , Brill 's [ Brill 1995a ] , and MaxEnt [ Ratnaparkhi 1996 ] ) do not attempt to parse an entire sentence and operate only in the local window of two to three tokens .",Justify Design Choice,"['Justify Design Choice', 'Justify Design Choice', 'Justify Design Choice']",Justify Design Choice,True,True
CC1406,"The language chosen for semantic representation is a flat semantics along the line of ( Bos , 1995 ; [CITED_AUTHOR] ; Copestake et al. , 2001 ) .",Justify Design Choice,"['Justify Design Choice', 'Justify Design Choice', 'Justify Design Choice']",Justify Design Choice,True,True
CC867,"We have not yet made use of TINA 'S probabilities in adjusting the recognizer scores on the fly , but we have been able to incorporate linguistic scores to resort N-best outputs , giving a significant improvement in performance ( [CITED_AUTHOR] ) .",Justify Design Choice,"['Use', 'Justify Design Choice', 'Signal Gap']",Use,False,False
CC1010,"The forward and backward probabilities , p0j and pkn , can be computed using single-source algebraic path for the simpler semiring ( R , + , x , √¢¬à¬ó ) -- or equivalently , by solving a sparse linear system of equations over R , a much-studied problem at O ( n ) space , O ( nm ) time , and faster approximations ( [CITED_AUTHOR] ) .",Justify Design Choice,"['Contextualize', 'Use', 'Use']",Use,False,False
CC1630,"Encouraged by the success of chunk-based verb reordering lattices on ArabicEnglish ( [CITED_AUTHOR] ) , we tried to adapt the same approach to the German-English language pair .",Justify Design Choice,"['Modify', 'Justify Design Choice', 'Justify Design Choice']",Justify Design Choice,False,True
CCT282,"In addition , we consider several types of lexical features ( LexF ) inspired by previous work on agreement and disagreement ( Galley et al. , 2004 ; [CITED_AUTHOR] ) .",Justify Design Choice,"['Use', 'Justify Design Choice', 'Use']",Use,False,False
CCT207,This is a similar conclusion to our previous work in [CITED_AUTHOR] .,Justify Design Choice,"['Contextualize', 'Contextualize', 'Contextualize']",Contextualize,True,False
CC311,It is known that certain cue words and phrases ( [CITED_AUTHOR] ) can serve as explicit indicators of discourse structure .,Justify Design Choice,"['Contextualize', 'Contextualize', 'Contextualize']",Contextualize,True,False
CC1055,"Following [CITED_AUTHOR] , we select as the antecedent of each NP, NPj, the closest preceding NP that is classified as coreferent with NPj.",Justify Design Choice,"['Justify Design Choice', 'Use', 'Use']",Use,False,False
CCT211,We chose to follow [CITED_AUTHOR] and split the sentences evenly to facilitate further comparison .,Justify Design Choice,"['Justify Design Choice', 'Justify Design Choice', 'Justify Design Choice']",Justify Design Choice,True,True
CC1611,"This idea was inspired by [CITED_AUTHOR] , who used a list of arguments surrounding the main verb together with the verb 's subcategorization information and previously processed examples to analyse semantic roles ( case relations ) .",Justify Design Choice,"['Use', 'Use', 'Use']",Use,True,False
CC577,"As an alternative , we rely on PubMed to retrieve an initial set of hits that we then postprocess in greater detail -- this is the standard pipeline architecture commonly employed in other question-answering systems ( Voorhees and Tice 1999 ; [CITED_AUTHOR] ) .",Justify Design Choice,"['Justify Design Choice', 'Contextualize', 'Justify Design Choice']",Justify Design Choice,False,True
CC1155,"On the other hand , experiments indicate that mental representation and processing of morphologically complex words are not quite language independent ( [CITED_AUTHOR] ) .",Justify Design Choice,"['Highlight Limitation', 'Use', 'Justify Design Choice']",Highlight Limitation,False,False
CCT280,The choice of learning algorithm for each classifier is motivated by earlier findings showing that discriminative classifiers outperform other machine-learning methods on error correction tasks ( [CITED_AUTHOR] ) .,Justify Design Choice,"['Justify Design Choice', 'Justify Design Choice', 'Justify Design Choice']",Justify Design Choice,True,True
CC386,"Note that this ensures that greater importance is attributed to longer chunks , as is usual in most EBMT systems ( cfXXX Sato and Nagao 1990 ; Veale and Way 1997 ; [CITED_AUTHOR] ) .7 As an example , consider the translation into French of the house collapsed .",Justify Design Choice,"['Justify Design Choice', 'Justify Design Choice', 'Justify Design Choice']",Justify Design Choice,True,True
CCT113,"In this situation , [CITED_AUTHOR]b , 293 ) recommend `` evaluating the expectations using only a single , probable alignment . ''",Justify Design Choice,"['Use', 'Justify Design Choice', 'Use']",Use,False,False
CC1188,"11 From ( [CITED_AUTHOR] ) , we find that the performance of SAMT system is similar with the method of labeling SCFG rules with POS tags .",Justify Design Choice,"['Evaluate Against', 'Evaluate Against', 'Evaluate Against']",Evaluate Against,True,False
CC773,"Ideally , to distinguish between raising and equi verbs , a number of syntactic criteria should be employed ( [CITED_AUTHOR]:460 ff . )",Justify Design Choice,"['Contextualize', 'Use', 'Justify Design Choice']",Contextualize,False,False
CCT125,"[CITED_AUTHOR] report excellent part-of-speech tagging results using a handcrafted approach that is close to OT .3 More speculatively , imagine an OT grammar for stylistic revision of parsed sentences .",Justify Design Choice,"['Modify', 'Contextualize', 'Justify Design Choice']",Modify,False,False
CC1219,"Inspired by ( [CITED_AUTHOR] ) and ( Cohn and Blunsom , 2009 ) , we define P ( str | frag ) as follows : where csw is the number of words in the source string .",Justify Design Choice,"['Use', 'Justify Design Choice', 'Use']",Use,False,False
CCT251,"Our classification framework , directly inspired by [CITED_AUTHOR] , integrates both perspectives , optimizing its labeling of speech segments based on both individual speech-segment classification scores and preferences for groups of speech segments to receive the same label .",Modify,"['Justify Design Choice', 'Justify Design Choice', 'Justify Design Choice']",Justify Design Choice,True,False
CCT99,"We rephrase the method of [CITED_AUTHOR] as follows : First , we construct the approximating finite automaton according to the unparameterized RTN method above .",Modify,"['Modify', 'Use', 'Use']",Use,False,False
CC765,"Expanding on a suggestion of [CITED_AUTHOR] , we classify verbs as Subject Equi , Object Equi , Subject Raising or Object Raising for each sense which has a predicate complement code associated with it .",Modify,"['Modify', 'Use', 'Use']",Use,False,False
CC479,"The annotation procedure is dependent on locating the head daughter , for which an amended version of [CITED_AUTHOR] is used .",Modify,"['Modify', 'Use', 'Use']",Use,False,False
CCT12,"5An alternative strategy to step ( 4 ) is to perform a database lookup based on the ambiguous query and summarize the results ( [CITED_AUTHOR] ) , which we leave for future work .",Signal Gap,"['Justify Design Choice', 'Signal Gap', 'Signal Gap']",Signal Gap,False,True
CC916,15 [CITED_AUTHOR] show that the question of whether the application criterion of lexical rules should be a subsumption or a unification test is an important question deserving of more attention .,Signal Gap,"['Signal Gap', 'Signal Gap', 'Signal Gap']",Signal Gap,True,True
CC697,"19 The paper by [CITED_AUTHOR] presents additional , more sophisticated models that we do not use in this article .",Signal Gap,"['Highlight Limitation', 'Justify Design Choice', 'Justify Design Choice']",Justify Design Choice,False,False
CC322,"The more conservative approach is to try to integrate existing statistical disambiguation schemes for QLFs , either individually or in a `` packed '' structure ( [CITED_AUTHOR] ) , with the resolution process as described here .",Signal Gap,"['Use', 'Use', 'Justify Design Choice']",Use,False,False
CC77,"Brockmann and Lapata ( 2003 ) have showed that WordNet-based approaches do not always outperform simple frequency-based models , and a number of techniques have been recently proposed which may offer ideas for refining our current unsupervised approach ( [CITED_AUTHOR] ; Bergsma et al. , 2008 ) .",Signal Gap,"['Modify', 'Justify Design Choice', 'Justify Design Choice']",Justify Design Choice,False,False
CC514,"We will examine the worst-case complexity of interpretation as well as generation to shed some light on the hypothesis that vague descriptions are more difficult to process than others because they involve a comparison between objects ( [CITED_AUTHOR] , Krahmer and Theune 2002 ) .",Signal Gap,"['Contextualize', 'Contextualize', 'Justify Design Choice']",Contextualize,False,False
CC1459,"It is these orthographic variations and complex morphological structure that make Arabic language processing challenging ( Xu et al. , 2001 ; [CITED_AUTHOR] ) .",Signal Gap,"['Contextualize', 'Contextualize', 'Justify Design Choice']",Contextualize,False,False
CC569,"Perhaps some variation of multi-level bulleted lists , appropriately integrated with interface elements for expanding and hiding items , might provide physicians a better overview of the information landscape ; see , for example , [CITED_AUTHOR] .",Signal Gap,"['Modify', 'Use', 'Justify Design Choice']",Modify,False,False
CCT220,"There has also been work focused upon determining the political leaning (e.g., ""liberal"" vs. ""conservative"") of a document or author , where most previously-proposed methods make no direct use of relationships between the documents to be classified (the ""unlabeled"" texts) ( [CITED_AUTHOR] ; Efron , 2004 ; Mullen and Malouf , 2006 ) .",Signal Gap,"['Signal Gap', 'Contextualize', 'Signal Gap']",Signal Gap,False,True
CC1411,"For complementing this database and for converse constructions , the LADL tables ( [CITED_AUTHOR] ) can furthermore be resorted to , which list detailed syntactico-semantic descriptions for 5 000 verbs and 25 000 verbal expressions .",Signal Gap,"['Use', 'Use', 'Use']",Use,True,False
CC401,"We have yet to import such a constraint into our model , but we plan to do so in the near future using the weighted majority algorithm ( [CITED_AUTHOR] ) .",Signal Gap,"['Signal Gap', 'Use', 'Signal Gap']",Signal Gap,False,True
CC831,"However , it is possible to think about constraining linguistic or logical predicates by simulating physical experiences ( cfXXX [CITED_AUTHOR] ) .",Signal Gap,"['Contextualize', 'Use', 'Use']",Use,False,False
CC37,[CITED_AUTHOR] has made the first attempt working on the single semantic role level to make further improvement .,Signal Gap,"['Contextualize', 'Contextualize', 'Justify Design Choice']",Contextualize,False,False
CC1518,"Secondly , we need to investigate techniques for identifying identical documents , virtually identical documents and highly repetitive documents , such as those pioneered by [CITED_AUTHOR]b ) and shingling techniques described by Chakrabarti ( 2002 ) .",Signal Gap,"['Signal Gap', 'Contextualize', 'Use']",Signal Gap,False,True
CC985,"As ( [CITED_AUTHOR] ) show , lexical information improves on NP and VP chunking as well .",Signal Gap,"['Justify Design Choice', 'Justify Design Choice', 'Use']",Justify Design Choice,False,False
CCT33,"We perceive that these results can be extended to other language models that properly embed bilexical context-free grammars , as for instance the more general history-based models used in ( Ratnaparkhi , 1997 ) and ( [CITED_AUTHOR] ) .",Signal Gap,"['Modify', 'Use', 'Use']",Use,False,False
CC1322,"Morphological alterations of a search term have a negative impact on the recall performance of an information retrieval ( IR ) system ( Choueka , 1990 ; J √Ç¬® appinen and Niemist √Ç¬® o , 1988 ; [CITED_AUTHOR] ) , since they preclude a direct match between the search term proper and its morphological variants in the documents to be retrieved .",Signal Gap,"['Contextualize', 'Contextualize', 'Justify Design Choice']",Contextualize,False,False
CC524,"In principle , this might be done by providing the generator with vague input -- in which case no special algorithms are needed -- but suitably contextualized vague input is often not available ( [CITED_AUTHOR] ) .",Signal Gap,"['Signal Gap', 'Justify Design Choice', 'Justify Design Choice']",Justify Design Choice,False,False
CC101,"For future work , we might investigate how machine learning algorithms , which are specifically designed for the problem of domain adaptation ( Blitzer et al. , 2007 ; [CITED_AUTHOR] ) , perform in comparison to our approach .",Signal Gap,"['Evaluate Against', 'Signal Gap', 'Signal Gap']",Signal Gap,False,True
CC463,"We applied lexical-redundancy rules ( [CITED_AUTHOR] ) to automatically convert the active COMLEX frames to their passive counterparts: For example, subjects are demoted to optional by oblique agents, and direct objects become subjects.",Use,"['Use', 'Use', 'Use']",Use,True,True
CC1310,The RenTAL system is implemented in LiLFeS ( [CITED_AUTHOR] ) 2 .,Use,"['Use', 'Contextualize', 'Use']",Use,False,True
CC1042,"Other molecular biology databases We also included several model organism databases or nomenclature databases in the construction of the dictionary , i.e. , mouse Mouse Genome Database ( MGD ) [ 18 ] , fly FlyBase [CITED_AUTHOR] , yeast Saccharomyces Genome Database ( SGD ) [ 20 ] , rat -- Rat Genome Database ( RGD ) [ 21 ] , worm -- WormBase [ 22 ] , Human Nomenclature Database ( HUGO ) [ 23 ] , Online Mendelian Inheritance in Man ( OMIM ) [ 24 ] , and Enzyme Nomenclature Database ( ECNUM ) [ 25 , 26 ] .",Use,"['Use', 'Use', 'Use']",Use,True,True
CC1123,"To combine the phrasal matching scores obtained at each n-gram level , and optimize their relative weights , we trained a Support Vector Machine classifier , SVMlight ( [CITED_AUTHOR] ) , using each score as a feature .",Use,"['Justify Design Choice', 'Use', 'Use']",Use,False,True
CCT140,This was done by MERT optimization ( [CITED_AUTHOR] ) towards post-edits under the TER target metric .,Use,"['Justify Design Choice', 'Use', 'Use']",Use,False,True
CC882,"We have since improved the interface by incorporating a capability in the recognizer to propose additional solutions in turn once the first one fails to parse ( [CITED_AUTHOR] ) To produce these `` N-best '' alternatives , we make use of a standard A * search algorithm ( Hart 1968 , Jelinek 1976 ) .",Use,"['Modify', 'Use', 'Use']",Use,False,True
CC141,"We train a 4-gram language model on the Xinhua portion of the English Gigaword corpus using the SRILM Toolkits ( Stolcke , 2002 ) with modified Kneser-Ney smoothing ( [CITED_AUTHOR] ) .",Use,"['Use', 'Use', 'Use']",Use,True,True
CC938,"We use a standard split of 268 training documents , 68 development documents , and 106 testing documents ( Culotta et al. , 2007 ; [CITED_AUTHOR] ) .",Use,"['Justify Design Choice', 'Justify Design Choice', 'Use']",Justify Design Choice,False,False
CC1110,Our recovery policy is modeled on the TargetedHelp ( [CITED_AUTHOR] ) policy used in task-oriented dialogue .,Use,"['Use', 'Justify Design Choice', 'Justify Design Choice']",Justify Design Choice,False,False
CCT13,"Furthermore , a number of performance features , largely based on the PARADISE dialogue evaluation scheme ( [CITED_AUTHOR] ) , were automatically logged , derived , or manually annotated .",Use,"['Use', 'Use', 'Contextualize']",Use,False,True
CC1402,"To represent the semantics of predicative units , we use FrameNet inventory of frames and frame elements ( C.[CITED_AUTHOR] ) .",Use,"['Use', 'Use', 'Use']",Use,True,True
CC1586,"Following Ruch et al. ( 2003 ) and [CITED_AUTHOR] , we employed Hidden Markov Models to model the discourse structure of MEDLINE abstracts .",Use,"['Use', 'Justify Design Choice', 'Use']",Use,False,True
CC943,"Developed Systems Our developed system is built on the work by [CITED_AUTHOR] , using Constrained Latent Left-Linking Model ( CL3M ) as our mention-pair coreference model in the joint framework10 .",Use,"['Use', 'Use', 'Use']",Use,True,True
CC1387,"The basic Python reflection has already been implemented and used for large scale experiments with POS tagging , using pyMPI ( a message passing interface library for Python ) to coordinate experiments across a cluster of over 100 machines ( Curran and Clark , 2003 ; [CITED_AUTHOR] ) .",Use,"['Use', 'Contextualize', 'Use']",Use,False,True
CC184,"For our Text modality , we use deWaC , a large German web corpus created by the WaCKy group ( [CITED_AUTHOR] ) containing approximately 1.7 B word tokens .",Use,"['Use', 'Use', 'Use']",Use,True,True
CC1089,The Praat tool was used ( [CITED_AUTHOR] ) .,Use,"['Use', 'Use', 'Use']",Use,True,True
CC1208,"Using the GHKM algorithm ( [CITED_AUTHOR] ) , we can get two different STSG derivations from the two U-trees based on the fixed word alignment .",Use,"['Use', 'Use', 'Use']",Use,True,True
CC1638,"Following [CITED_AUTHOR] , we also compare the performance of our system with a system using features based on the Brown clusters of the word types in a document .",Use,"['Use', 'Justify Design Choice', 'Use']",Use,False,True
CC1088,Both kinds of annotation were carried out using ANVIL ( [CITED_AUTHOR] ) .,Use,"['Use', 'Use', 'Use']",Use,True,True
CC1535,"Most web-derived corpora have exploited raw text or HTML pages , so efforts have focussed on boilerplate removal and cleanup of these formats with tools like Hyppia-BTE , Tidy and Parcels3 ( [CITED_AUTHOR] ) .",Use,"['Contextualize', 'Contextualize', 'Contextualize']",Contextualize,True,False
CC1150,"With respect to this , we apply the different priming and other lexical decision experiments , described in literature ( [CITED_AUTHOR] ; Bentin , S. and Feldman , 1990 ) specifically for derivationally suffixed polymorphemic words and compound verbs of Bangla .",Use,"['Use', 'Use', 'Use']",Use,True,True
CC1346,"Towards this aim , a flexible annotation structure called Structured String-Tree Correspondence ( SSTC ) was introduced in [CITED_AUTHOR] to record the string of terms , its associated representation structure and the mapping between the two , which is expressed by the sub-correspondences recorded as part of a SSTC .",Use,"['Contextualize', 'Contextualize', 'Justify Design Choice']",Contextualize,False,False
CCT90,"We evaluated our translations with IBM 's BLEU evaluation metric ( [CITED_AUTHOR] ) , using the same evaluation method and reference retranslations that were used for evaluation at HLT Workshop 2002 at CLSP ( Haji 6 et al. , 2002 ) .",Use,"['Use', 'Use', 'Evaluate Against']",Use,False,True
CC1018,"In a log-linear parameterization , for example , a prior that penalizes feature strengths far from 1 can be used to do feature selection and avoid overfitting ( [CITED_AUTHOR] ) .",Use,"['Use', 'Use', 'Use']",Use,True,True
CC58,"2The WePS-1 corpus includes data from the Web03 testbed ( [CITED_AUTHOR] ) which follows similar annotation guidelines , although the number of document per ambiguous name is more variable .",Use,"['Contextualize', 'Contextualize', 'Contextualize']",Contextualize,True,False
CC433,"Moreover , in order to determine whether the performances of the predictive criteria are consistent across different learning models within the same domain , we have performed the study on two parsing models : one based on a context-free variant of tree-adjoining grammars ( Joshi , Levy , and Takahashi 1975 ) , the Probabilistic Lexicalized Tree Insertion Grammar ( PLTIG ) formalism ( Schabes and Waters 1993 ; [CITED_AUTHOR] ) , and Collins 's Model 2 parser ( 1997 ) .",Use,"['Use', 'Contextualize', 'Use']",Use,False,True
CC939,"We then use Illinois Chunker ( Punyakanok and Roth , 2001 ) 6 to extract more noun phrases from the text and employ Collins head rules ( [CITED_AUTHOR] ) to identify their heads .",Use,"['Use', 'Use', 'Use']",Use,True,True
CC678,"To address this issue , we use a version of the PATB3 training and dev sets manually annotated with functional gender , number , and rationality ( [CITED_AUTHOR] ) .18 This is the first resource providing all three features ( ElixirFm only provides functional number , and to some extent functional gender ) .",Use,"['Use', 'Justify Design Choice', 'Justify Design Choice']",Justify Design Choice,False,False
CC602,"In our case , the clustering is performed by the program Snob , which implements mixture modeling combined with model selection based on the Minimum Message Length ( MML ) criterion ( Wallace and Boulton 1968 ; [CITED_AUTHOR] ) .",Use,"['Justify Design Choice', 'Use', 'Use']",Use,False,True
CC1153,"We apply two different priming experiments namely , the cross modal priming and masked priming experiment discussed in ( Forster and Davis , 1984 ; Rastle et al. , 2000 ; [CITED_AUTHOR] ; Marslen-Wilson et al. , 2008 ) for Bangla morphologically complex words .",Use,"['Use', 'Use', 'Use']",Use,True,True
CC152,"We employ the idea of ultraconservative update ( [CITED_AUTHOR] ; Crammer et al. , 2006 ) to propose two incremental methods for local training in Algorithm 2 as follows .",Use,"['Use', 'Use', 'Use']",Use,True,True
CC273,"We prepare the training data by splitting compounds in two steps , following the technique of [CITED_AUTHOR] .",Use,"['Use', 'Justify Design Choice', 'Use']",Use,False,True
CC129,For some experiments we also measure the standard intrinsic parser metrics unlabeled attachment score ( UAS ) and labeled attachment score ( LAS ) ( [CITED_AUTHOR] ) .,Use,"['Use', 'Contextualize', 'Use']",Use,False,True
CC775,We tested the classification of verbs into semantic types using a verb list of 139 pre-classified items drawn from the lists published in [CITED_AUTHOR] and Stockwell et al. ( 1973 ) .,Use,"['Use', 'Use', 'Use']",Use,True,True
CC1034,"Other molecular biology databases We also included several model organism databases or nomenclature databases in the construction of the dictionary , i.e. , mouse Mouse Genome Database ( MGD ) [CITED_AUTHOR] , fly FlyBase [ 19 ] , yeast Saccharomyces Genome Database ( SGD ) [ 20 ] , rat -- Rat Genome Database ( RGD ) [ 21 ] , worm -- WormBase [ 22 ] , Human Nomenclature Database ( HUGO ) [ 23 ] , Online Mendelian Inheritance in Man ( OMIM ) [ 24 ] , and Enzyme Nomenclature Database ( ECNUM ) [ 25 , 26 ] .",Use,"['Use', 'Use', 'Use']",Use,True,True
CC1063,"Following previous work ( e.g. , [CITED_AUTHOR] and Ponzetto and Strube ( 2006 ) ) , we generate training instances as follows : a positive instance is created for each anaphoric NP , NPj , and its closest antecedent , NPi ; and a negative instance is created for NPj paired with each of the intervening NPs , NPi +1 , NPi +2 , ... , NPj_1 .",Use,"['Use', 'Use', 'Use']",Use,True,True
CC1440,The terms have been identified as the most specific to our corpus by a program developed by [CITED_AUTHOR] and called TER1vloSTAT .,Use,"['Use', 'Use', 'Use']",Use,True,True
CC621,"Specifically , we used Decision Graphs ( Oliver 1993 ) for Doc-Pred , and SVMs ( [CITED_AUTHOR] ) for Sent-Pred .11 Additionally , we used unigrams for clustering documents and sentences , and unigrams and bigrams for predicting document clusters and sentence clusters ( Sections 3.1.2 and 3.2.2 ) .",Use,"['Use', 'Use', 'Use']",Use,True,True
CC70,"We have used the testbeds from WePS-1 ( [CITED_AUTHOR] , 2007)2 and WePS-2 (Artiles et al., 2009) evaluation campaigns 3.",Use,"['Use', 'Use', 'Use']",Use,True,True
CC1207,"In the system , we extract both the minimal GHKM rules ( [CITED_AUTHOR] ) , and the rules of SPMT Model 1 ( Galley et al. , 2006 ) with phrases up to length L = 5 on the source side .",Use,"['Use', 'Use', 'Use']",Use,True,True
CC1142,We measure the inter annotator agreement using the Fleiss Kappa ( [CITED_AUTHOR] ) measure ( x ) where the agreement lies around 0.79 .,Use,"['Use', 'Use', 'Use']",Use,True,True
CCT41,"We also made use of the person-name/instance pairs automatically extracted by [CITED_AUTHOR] .2This data provides counts for pairs such as ""Edwin Moses , hurdler"" and ""William Farley , industrialist.",Use,"['Use', 'Use', 'Use']",Use,True,True
CC1211,"To create the baseline system , we use the opensource Joshua 4.0 system ( Ganitkevitch et al. , 2012 ) to build a hierarchical phrase-based ( HPB ) system , and a syntax-augmented MT ( SAMT ) 11 system ( [CITED_AUTHOR] ) respectively .",Use,"['Use', 'Use', 'Use']",Use,True,True
CC1277,"The shallow parser used is the SNoW-based CSCL parser ( Punyakanok and Roth , 2001 ; [CITED_AUTHOR] ) .",Use,"['Use', 'Use', 'Use']",Use,True,True
CC915,"Using an accumulator passing technique ( [CITED_AUTHOR] ) , we ensure that upon execution of a call to the interaction predicate q_1 a new lexical entry is derived as the result of successive application of a number of lexical rules .",Use,"['Use', 'Use', 'Use']",Use,True,True
CC655,"EM maximizes G ( 0 ) via block-coordinate ascent on a lower bound F ( q , 0 ) using an auxiliary distribution over the latent variables q ( z | x , y ) ( [CITED_AUTHOR] ) :",Use,"['Contextualize', 'Contextualize', 'Use']",Contextualize,False,False
CC550,"We first identified the most informative unigrams and bigrams using the information gain measure ( [CITED_AUTHOR] ) , and then selected only the positive outcome predictors using odds ratio ( Mladenic and Grobelnik 1999 ) .",Use,"['Use', 'Use', 'Use']",Use,True,True
CC1241,The one-sided t-test ( [CITED_AUTHOR] ) at significance level 0.05 indicated that the improvement on Trec5C is not statistically significant .,Use,"['Highlight Limitation', 'Use', 'Evaluate Against']",Highlight Limitation,False,False
CC1200,"Using the initial target U-trees , source sentences and word alignment , we extract minimal GHKM translation rules7 in terms of frontier nodes ( [CITED_AUTHOR] ) .",Use,"['Use', 'Use', 'Use']",Use,True,True
CC109,An implementation of graph- based parsing algorithms with an arc-factored parameterization ( [CITED_AUTHOR] ) .,Use,"['Use', 'Use', 'Use']",Use,True,True
CC675,"In this article , we use an in-house system which provides functional gender , number , and rationality features ( [CITED_AUTHOR] ) .",Use,"['Use', 'Use', 'Use']",Use,True,True
CC105,"We use the non-projective k-best MST algorithm to generate k-best lists ( [CITED_AUTHOR] ) , where k = 8 for the experiments in this paper .",Use,"['Use', 'Use', 'Use']",Use,True,True
CC961,We further add rules for combining with punctuation to the left and right and allow for the merge rule X √¢¬Ü¬í X X of [CITED_AUTHOR] .,Use,"['Use', 'Use', 'Use']",Use,True,True
CC1575,"Although the parser only derives projective graphs , the fact that graphs are labeled allows non-projective dependencies to be captured using the pseudoprojective approach of [CITED_AUTHOR] .",Use,"['Highlight Limitation', 'Use', 'Justify Design Choice']",Highlight Limitation,False,False
CC49,The candidate feature templates include : Voice from [CITED_AUTHOR] .,Use,"['Use', 'Use', 'Use']",Use,True,True
CC865,Semantic filters can also be used to prevent multiple versions of the same case frame ( [CITED_AUTHOR] ) showing up as complements .,Use,"['Use', 'Use', 'Use']",Use,True,True
CC963,Our strategy is based on the approach presented by [CITED_AUTHOR] .,Use,"['Use', 'Use', 'Use']",Use,True,True
CC934,"For this mention-pair coreference model √è¬Ü ( u , v ) , we use the same set of features used in [CITED_AUTHOR] .",Use,"['Use', 'Use', 'Use']",Use,True,True
CC229,"in history-based models ( [CITED_AUTHOR] ) , the probability estimate for each derivation decision di is conditioned on the previous derivation decisions d1 , ... , d , _ 1 , which is called the derivation history at step i .",Use,"['Contextualize', 'Contextualize', 'Contextualize']",Contextualize,True,False
CC859,A formula for the test set perplexity ( [CITED_AUTHOR] ) is :13,Use,"['Use', 'Use', 'Use']",Use,True,True
CCT25,"Our implementation of the NP-based QA system uses the Empire noun phrase finder , which is described in detail in [CITED_AUTHOR] .",Use,"['Use', 'Use', 'Use']",Use,True,True
CC1482,"where mk is one mention in entity e , and the basic model building block PL ( L = 1 | e , mk , m ) is an exponential or maximum entropy model ( [CITED_AUTHOR] ) .",Use,"['Use', 'Use', 'Use']",Use,True,True
CC639,We then use the program Snob ( [CITED_AUTHOR] ; Wallace 2005 ) to cluster these experiences .,Use,"['Use', 'Use', 'Use']",Use,True,True
CC1106,"The contextual interpreter then uses a reference resolution approach similar to Byron ( 2002 ) , and an ontology mapping mechanism ( [CITED_AUTHOR]a ) to produce a domain-specific semantic representation of the student 's output .",Use,"['Use', 'Use', 'Use']",Use,True,True
CC1647,"The only disambiguation metric that we used in our previous work ( [CITED_AUTHOR]b ) was the shape-based metric , according to which the `` best '' trees are those that are skewed to the right .",Use,"['Highlight Limitation', 'Contextualize', 'Justify Design Choice']",Highlight Limitation,False,False
CCT160,The task we used to compare different generalisation techniques is similar to that used by Pereira et al. ( 1993 ) and [CITED_AUTHOR] .,Use,"['Justify Design Choice', 'Contextualize', 'Contextualize']",Contextualize,False,False
CCT85,These automatic transformations are based on linguistic rules ( [CITED_AUTHOR] ) .,Use,"['Use', 'Use', 'Use']",Use,True,True
CC1382,"To provide the required configurability in the static version of the code we will use policy templates ( [CITED_AUTHOR] ) , and for the dynamic version we will use configuration classes .",Use,"['Justify Design Choice', 'Justify Design Choice', 'Justify Design Choice']",Justify Design Choice,True,False
CC680,"For statistical significance , we use McNemar 's test on non-gold LAS , as implemented by Nilsson and [CITED_AUTHOR] .",Use,"['Use', 'Use', 'Use']",Use,True,True
CC956,We use the same splits as [CITED_AUTHOR] .,Use,"['Use', 'Use', 'Use']",Use,True,True
CC1261,"SNoW ( [CITED_AUTHOR] ; Roth , 1998 ) is a multi-class classifier that is specifically tailored for learning in domains in which the potential number of information sources ( features ) taking part in decisions is very large , of which NLP is a principal example .",Use,"['Contextualize', 'Contextualize', 'Contextualize']",Contextualize,True,False
CC648,5 The open source Moses ( [CITED_AUTHOR] ) toolkit from www.statmt.org/moses/ .,Use,"['Use', 'Use', 'Use']",Use,True,True
CC728,The expectation parser uses an ATN-like representation for its grammar ( [CITED_AUTHOR] ) .,Use,"['Use', 'Use', 'Contextualize']",Use,False,True
